Year,Month,Day,DayOfWeek,Predicted_Close,Predicted_Volume,Date
2024,1,1,0,6.738399999999998,2292263.5,2024-01-01
2024,1,2,1,6.695499999999999,2135713.6,2024-01-02
2024,1,3,2,6.686799999999997,2418595.4,2024-01-03
2024,1,4,3,6.597099999999999,2032860.1,2024-01-04
2024,1,5,4,6.657000000000002,2430525.5,2024-01-05
2024,1,8,0,6.7052999999999985,1949941.2,2024-01-08
2024,1,9,1,6.698099999999996,2018621.0,2024-01-09
2024,1,10,2,6.711499999999996,2040049.3,2024-01-10
2024,1,11,3,6.741699999999996,2099181.6,2024-01-11
2024,1,12,4,6.798599999999997,2164550.7,2024-01-12
2024,1,15,0,6.758999999999999,2125304.8,2024-01-15
2024,1,16,1,6.7520999999999995,2114887.6,2024-01-16
2024,1,17,2,6.761499999999999,2021078.5,2024-01-17
2024,1,18,3,6.5797,1884353.3,2024-01-18
2024,1,19,4,6.1776,1809919.5,2024-01-19
2024,1,22,0,6.229300000000002,11061964.1,2024-01-22
2024,1,23,1,6.279900000000002,9066100.0,2024-01-23
2024,1,24,2,6.258199999999999,10788357.1,2024-01-24
2024,1,25,3,6.1937999999999995,10296200.0,2024-01-25
2024,1,26,4,6.167800000000003,10487700.0,2024-01-26
2024,1,29,0,6.165400000000002,10058500.0,2024-01-29
2024,1,30,1,6.143100000000003,9489400.0,2024-01-30
2024,1,31,2,6.134000000000001,17449500.0,2024-01-31
2024,2,1,3,6.403800000000001,22880600.0,2024-02-01
2024,2,2,4,6.48,29161000.0,2024-02-02
2024,2,5,0,6.526199999999999,15711100.0,2024-02-05
2024,2,6,1,6.627599999999998,12174424.2,2024-02-06
2024,2,7,2,6.7026999999999965,11744848.4,2024-02-07
2024,2,8,3,6.690199999999997,10289348.4,2024-02-08
2024,2,9,4,6.688299999999999,10658962.1,2024-02-09
2024,2,12,0,6.719499999999996,10742262.1,2024-02-12
2024,2,13,1,6.736399999999998,10460062.1,2024-02-13
2024,2,14,2,6.775199999999996,10805262.1,2024-02-14
2024,2,15,3,6.759299999999995,10701762.1,2024-02-15
2024,2,16,4,6.754299999999998,10554862.1,2024-02-16
2024,2,19,0,6.341099999999999,10304662.1,2024-02-19
2024,2,20,1,5.951899999999999,10401462.1,2024-02-20
2024,2,21,2,5.794399999999995,10913400.0,2024-02-21
2024,2,22,3,5.842599999999996,9528400.0,2024-02-22
2024,2,23,4,5.9365999999999985,9918700.0,2024-02-23
2024,2,26,0,5.9684,9299900.0,2024-02-26
2024,2,27,1,6.001999999999999,10001200.0,2024-02-27
2024,2,28,2,6.0148999999999955,10456400.0,2024-02-28
2024,2,29,3,6.062900000000001,10688600.0,2024-02-29
2024,3,1,4,6.306600000000002,10518062.1,2024-03-01
2024,3,4,0,6.441499999999998,9852324.2,2024-03-04
2024,3,5,1,6.420599999999999,9611862.1,2024-03-05
2024,3,6,2,6.4238,9702600.0,2024-03-06
2024,3,7,3,6.317800000000001,9492962.1,2024-03-07
2024,3,8,4,6.362300000000001,9471000.0,2024-03-08
2024,3,11,0,6.478799999999996,9601200.0,2024-03-11
2024,3,12,1,6.420999999999997,9104500.0,2024-03-12
2024,3,13,2,6.437399999999998,10761075.3,2024-03-13
2024,3,14,3,6.316600000000001,10885062.1,2024-03-14
2024,3,15,4,6.348100000000001,9816762.1,2024-03-15
2024,3,18,0,6.303600000000001,9577662.1,2024-03-18
2024,3,19,1,5.9613999999999985,8928300.0,2024-03-19
2024,3,20,2,5.688199999999994,10278657.1,2024-03-20
2024,3,21,3,5.383399999999994,10799100.0,2024-03-21
2024,3,22,4,5.339099999999999,10974400.0,2024-03-22
2024,3,25,0,5.530999999999998,8684200.0,2024-03-25
2024,3,26,1,5.601099999999998,11029457.1,2024-03-26
2024,3,27,2,5.697300000000002,9462400.0,2024-03-27
2024,3,28,3,5.609499999999998,9129100.0,2024-03-28
2024,3,29,4,5.594800000000005,11068657.1,2024-03-29
2024,4,1,0,5.570499999999997,9800324.2,2024-04-01
2024,4,2,1,5.523000000000001,9429262.1,2024-04-02
2024,4,3,2,5.5284,9571700.0,2024-04-03
2024,4,4,3,5.470599999999999,9342900.0,2024-04-04
2024,4,5,4,5.452100000000001,10384200.0,2024-04-05
2024,4,8,0,5.488399999999998,9905124.2,2024-04-08
2024,4,9,1,5.520899999999996,9435224.2,2024-04-09
2024,4,10,2,5.400999999999998,9637600.0,2024-04-10
2024,4,11,3,5.324899999999996,9485300.0,2024-04-11
2024,4,12,4,5.312999999999999,9839500.0,2024-04-12
2024,4,15,0,5.3466000000000005,10202762.1,2024-04-15
2024,4,16,1,5.415300000000001,9811062.1,2024-04-16
2024,4,17,2,5.401900000000005,10412162.1,2024-04-17
2024,4,18,3,5.348400000000002,11287262.1,2024-04-18
2024,4,19,4,5.342900000000003,12546662.1,2024-04-19
2024,4,22,0,5.372900000000003,15862362.1,2024-04-22
2024,4,23,1,5.565899999999996,14802462.1,2024-04-23
2024,4,24,2,5.530199999999995,16555962.1,2024-04-24
2024,4,25,3,5.486899999999999,13095362.1,2024-04-25
2024,4,26,4,5.496599999999998,15305100.0,2024-04-26
2024,4,29,0,5.601700000000005,14852762.1,2024-04-29
2024,4,30,1,5.6536000000000035,14739662.1,2024-04-30
2024,5,1,2,5.544099999999994,15202524.2,2024-05-01
2024,5,2,3,5.596800000000001,14680424.2,2024-05-02
2024,5,3,4,5.628500000000002,16083924.2,2024-05-03
2024,5,6,0,5.485599999999996,12206524.2,2024-05-06
2024,5,7,1,5.588199999999998,10998148.4,2024-05-07
2024,5,8,2,5.648999999999996,10036624.2,2024-05-08
2024,5,9,3,5.411199999999996,9969224.2,2024-05-09
2024,5,10,4,5.353699999999998,9927262.1,2024-05-10
2024,5,13,0,5.353099999999999,10021062.1,2024-05-13
2024,5,14,1,5.398399999999997,9946862.1,2024-05-14
2024,5,15,2,5.3743,10460362.1,2024-05-15
2024,5,16,3,5.376599999999997,11003662.1,2024-05-16
2024,5,17,4,5.380300000000003,10373862.1,2024-05-17
2024,5,20,0,5.409200000000002,10732762.1,2024-05-20
2024,5,21,1,5.455199999999999,10586000.0,2024-05-21
2024,5,22,2,5.402499999999996,10598300.0,2024-05-22
2024,5,23,3,5.4987999999999975,11017500.0,2024-05-23
2024,5,24,4,5.466699999999999,9383600.0,2024-05-24
2024,5,27,0,5.585700000000002,14900800.0,2024-05-27
2024,5,28,1,5.631300000000001,14069262.1,2024-05-28
2024,5,29,2,5.466700000000002,13554562.1,2024-05-29
2024,5,30,3,5.550400000000004,13433262.1,2024-05-30
2024,5,31,4,5.461200000000009,16945400.0,2024-05-31
2024,6,3,0,5.5308,12455524.2,2024-06-03
2024,6,4,1,5.505400000000009,12979848.4,2024-06-04
2024,6,5,2,5.523300000000003,11030848.4,2024-06-05
2024,6,6,3,5.505700000000004,9889724.2,2024-06-06
2024,6,7,4,5.521300000000004,9979362.1,2024-06-07
2024,6,10,0,5.432300000000003,10013624.2,2024-06-10
2024,6,11,1,5.435500000000001,9946524.2,2024-06-11
2024,6,12,2,5.418900000000004,10490762.1,2024-06-12
2024,6,13,3,5.359899999999999,11281062.1,2024-06-13
2024,6,14,4,5.350099999999995,12291662.1,2024-06-14
2024,6,17,0,5.455700000000003,11900524.2,2024-06-17
2024,6,18,1,5.503000000000002,12224024.2,2024-06-18
2024,6,19,2,5.504800000000005,13536724.2,2024-06-19
2024,6,20,3,5.459600000000003,13467824.2,2024-06-20
2024,6,21,4,5.4223,14205000.0,2024-06-21
2024,6,24,0,5.5241,13748462.1,2024-06-24
2024,6,25,1,5.533200000000001,13576362.1,2024-06-25
2024,6,26,2,5.529600000000004,13726962.1,2024-06-26
2024,6,27,3,5.555000000000004,14180062.1,2024-06-27
2024,6,28,4,5.527000000000004,15221400.0,2024-06-28
2024,7,1,0,5.514100000000002,13525024.2,2024-07-01
2024,7,2,1,5.544600000000002,11305248.4,2024-07-02
2024,7,3,2,5.531500000000005,11487048.4,2024-07-03
2024,7,4,3,5.518400000000003,12028148.4,2024-07-04
2024,7,5,4,5.510900000000006,13250624.2,2024-07-05
2024,7,8,0,5.524700000000001,10366848.4,2024-07-08
2024,7,9,1,5.5075000000000065,10425224.2,2024-07-09
2024,7,10,2,5.448500000000003,10765324.2,2024-07-10
2024,7,11,3,5.381099999999996,11007124.2,2024-07-11
2024,7,12,4,5.386199999999998,9750962.1,2024-07-12
2024,7,15,0,5.400000000000002,10449062.1,2024-07-15
2024,7,16,1,5.453300000000004,10431962.1,2024-07-16
2024,7,17,2,5.488100000000004,11130662.1,2024-07-17
2024,7,18,3,5.443200000000001,10403962.1,2024-07-18
2024,7,19,4,5.406200000000002,10725062.1,2024-07-19
2024,7,22,0,5.453100000000002,9439300.0,2024-07-22
2024,7,23,1,5.5455,9262100.0,2024-07-23
2024,7,24,2,5.5192000000000005,9729400.0,2024-07-24
2024,7,25,3,5.492600000000001,9972300.0,2024-07-25
2024,7,26,4,5.480900000000002,10103600.0,2024-07-26
2024,7,29,0,5.575800000000003,9476600.0,2024-07-29
2024,7,30,1,5.575400000000007,9301400.0,2024-07-30
2024,7,31,2,5.496000000000008,17084100.0,2024-07-31
2024,8,1,3,5.545199999999998,16450862.1,2024-08-01
2024,8,2,4,5.533699999999999,15665962.1,2024-08-02
2024,8,5,0,5.486000000000008,11681424.2,2024-08-05
2024,8,6,1,5.5268000000000015,9120748.4,2024-08-06
2024,8,7,2,5.504700000000007,10214375.3,2024-08-07
2024,8,8,3,5.5236,10129024.2,2024-08-08
2024,8,9,4,5.490400000000002,10374362.1,2024-08-09
2024,8,12,0,5.4235000000000015,10751562.1,2024-08-12
2024,8,13,1,5.419700000000002,10387262.1,2024-08-13
2024,8,14,2,5.399900000000005,10880062.1,2024-08-14
2024,8,15,3,5.371199999999999,10027362.1,2024-08-15
2024,8,16,4,5.3802999999999965,10430462.1,2024-08-16
2024,8,19,0,5.4730000000000025,10570062.1,2024-08-19
2024,8,20,1,5.511000000000001,10313762.1,2024-08-20
2024,8,21,2,5.482700000000005,10972800.0,2024-08-21
2024,8,22,3,5.437500000000001,9274500.0,2024-08-22
2024,8,23,4,5.4671,10904500.0,2024-08-23
2024,8,26,0,5.548500000000001,8562700.0,2024-08-26
2024,8,27,1,5.592300000000006,10943557.1,2024-08-27
2024,8,28,2,5.606900000000003,9559300.0,2024-08-28
2024,8,29,3,5.538400000000004,9178300.0,2024-08-29
2024,8,30,4,5.513900000000008,11093257.1,2024-08-30
2024,9,2,0,5.533,9651186.3,2024-09-02
2024,9,3,1,5.526800000000005,9711600.0,2024-09-03
2024,9,4,2,5.511600000000008,10630062.1,2024-09-04
2024,9,5,3,5.517600000000001,10105924.2,2024-09-05
2024,9,6,4,5.512000000000006,10243462.1,2024-09-06
2024,9,9,0,5.506100000000003,10540524.2,2024-09-09
2024,9,10,1,5.452200000000005,10649024.2,2024-09-10
2024,9,11,2,5.443900000000001,11280124.2,2024-09-11
2024,9,12,3,5.370799999999999,10890162.1,2024-09-12
2024,9,13,4,5.379799999999998,10173362.1,2024-09-13
2024,9,16,0,5.4217,10762962.1,2024-09-16
2024,9,17,1,5.478300000000006,10932362.1,2024-09-17
2024,9,18,2,5.489000000000004,10680262.1,2024-09-18
2024,9,19,3,5.457600000000001,10821862.1,2024-09-19
2024,9,20,4,5.431100000000002,10478562.1,2024-09-20
2024,9,23,0,5.5151,10412900.0,2024-09-23
2024,9,24,1,5.540300000000002,10539000.0,2024-09-24
2024,9,25,2,5.5056,10518800.0,2024-09-25
2024,9,26,3,5.513100000000001,10540900.0,2024-09-26
2024,9,27,4,5.525200000000003,10708000.0,2024-09-27
2024,9,30,0,5.574800000000007,9783400.0,2024-09-30
2024,10,1,1,5.518500000000004,10642062.1,2024-10-01
2024,10,2,2,5.528300000000002,10651024.2,2024-10-02
2024,10,3,3,5.5417000000000005,11032724.2,2024-10-03
2024,10,4,4,5.525200000000005,10389062.1,2024-10-04
2024,10,7,0,5.489200000000007,10622624.2,2024-10-07
2024,10,8,1,5.5448,10412824.2,2024-10-08
2024,10,9,2,5.505100000000004,11101624.2,2024-10-09
2024,10,10,3,5.4105,10919786.3,2024-10-10
2024,10,11,4,5.372999999999998,10428262.1,2024-10-11
2024,10,14,0,5.401599999999999,10933962.1,2024-10-14
2024,10,15,1,5.437200000000002,9845062.1,2024-10-15
2024,10,16,2,5.417600000000006,10929462.1,2024-10-16
2024,10,17,3,5.408500000000004,10299162.1,2024-10-17
2024,10,18,4,5.4025000000000025,10795562.1,2024-10-18
2024,10,21,0,5.464800000000005,10603600.0,2024-10-21
2024,10,22,1,5.4716000000000005,10340600.0,2024-10-22
2024,10,23,2,5.5272000000000014,11281600.0,2024-10-23
2024,10,24,3,5.5071,11011300.0,2024-10-24
2024,10,25,4,5.468000000000001,9232500.0,2024-10-25
2024,10,28,0,5.590400000000002,11269800.0,2024-10-28
2024,10,29,1,5.590700000000005,10779300.0,2024-10-29
2024,10,30,2,5.584100000000004,11109400.0,2024-10-30
2024,10,31,3,5.5007000000000055,15671000.0,2024-10-31
2024,11,1,4,5.5443999999999996,25705300.0,2024-11-01
2024,11,4,0,5.503500000000007,22168200.0,2024-11-04
2024,11,5,1,5.518500000000006,20289400.0,2024-11-05
2024,11,6,2,5.504700000000007,21271100.0,2024-11-06
2024,11,7,3,5.515800000000001,23275600.0,2024-11-07
2024,11,8,4,5.516900000000004,22574500.0,2024-11-08
2024,11,11,0,5.429200000000003,21106300.0,2024-11-11
2024,11,12,1,5.425800000000002,19917800.0,2024-11-12
2024,11,13,2,5.411500000000005,19832000.0,2024-11-13
2024,11,14,3,5.351699999999998,20505600.0,2024-11-14
2024,11,15,4,5.347999999999996,21819600.0,2024-11-15
2024,11,18,0,5.4566000000000034,21058400.0,2024-11-18
2024,11,19,1,5.5182,18894000.0,2024-11-19
2024,11,20,2,5.491400000000004,19844400.0,2024-11-20
2024,11,21,3,5.446900000000002,20035400.0,2024-11-21
2024,11,22,4,5.397300000000002,19872600.0,2024-11-22
2024,11,25,0,5.538599999999999,19142100.0,2024-11-25
2024,11,26,1,5.551300000000003,18383000.0,2024-11-26
2024,11,27,2,5.567500000000006,21352200.0,2024-11-27
2024,11,28,3,5.560600000000003,21295200.0,2024-11-28
2024,11,29,4,5.512900000000006,20673600.0,2024-11-29
2024,12,2,0,5.533,24917700.0,2024-12-02
2024,12,3,1,5.526800000000005,23315900.0,2024-12-03
2024,12,4,2,5.511600000000008,22032000.0,2024-12-04
2024,12,5,3,5.517600000000001,23639600.0,2024-12-05
2024,12,6,4,5.512000000000006,22398900.0,2024-12-06
2024,12,9,0,5.506100000000003,21314700.0,2024-12-09
2024,12,10,1,5.452200000000005,20466200.0,2024-12-10
2024,12,11,2,5.443900000000001,21473600.0,2024-12-11
2024,12,12,3,5.370799999999999,23243600.0,2024-12-12
2024,12,13,4,5.379799999999998,22624100.0,2024-12-13
2024,12,16,0,5.4217,21292900.0,2024-12-16
2024,12,17,1,5.478300000000006,20065000.0,2024-12-17
2024,12,18,2,5.489000000000004,20646200.0,2024-12-18
2024,12,19,3,5.457600000000001,21285000.0,2024-12-19
2024,12,20,4,5.431100000000002,21991000.0,2024-12-20
2024,12,23,0,5.5151,20342600.0,2024-12-23
2024,12,24,1,5.540300000000002,18799800.0,2024-12-24
2024,12,25,2,5.5056,22208600.0,2024-12-25
2024,12,26,3,5.513100000000001,21662500.0,2024-12-26
2024,12,27,4,5.525200000000003,21496600.0,2024-12-27
2024,12,30,0,5.574800000000007,19317700.0,2024-12-30
2024,12,31,1,5.507200000000007,19450400.0,2024-12-31
2025,1,1,2,5.557599999999999,27709400.0,2025-01-01
2025,1,2,3,5.508299999999998,30570000.0,2025-01-02
2025,1,3,4,5.5247,18704600.0,2025-01-03
2025,1,6,0,5.5284999999999975,25728200.0,2025-01-06
2025,1,7,1,5.573899999999998,25693700.0,2025-01-07
2025,1,8,2,5.565699999999998,27624500.0,2025-01-08
2025,1,9,3,5.477399999999997,26540900.0,2025-01-09
2025,1,10,4,5.404899999999997,26473400.0,2025-01-10
2025,1,13,0,5.4129999999999985,25660700.0,2025-01-13
2025,1,14,1,5.463099999999997,25633700.0,2025-01-14
2025,1,15,2,5.445,27301700.0,2025-01-15
2025,1,16,3,5.379599999999997,26956300.0,2025-01-16
2025,1,17,4,5.423499999999999,25065500.0,2025-01-17
2025,1,20,0,5.420799999999999,25059600.0,2025-01-20
2025,1,21,1,5.476899999999998,23385300.0,2025-01-21
2025,1,22,2,5.453899999999997,24559100.0,2025-01-22
2025,1,23,3,5.549999999999995,24408400.0,2025-01-23
2025,1,24,4,5.574899999999997,24452600.0,2025-01-24
2025,1,27,0,5.6992999999999965,22687800.0,2025-01-27
2025,1,28,1,5.738199999999994,23196000.0,2025-01-28
2025,1,29,2,5.818199999999993,23845300.0,2025-01-29
2025,1,30,3,5.929599999999996,23637500.0,2025-01-30
2025,1,31,4,5.977699999999998,23329300.0,2025-01-31
2025,2,3,0,6.3306,24816400.0,2025-02-03
2025,2,4,1,6.509799999999997,23700000.0,2025-02-04
2025,2,5,2,6.537799999999999,24103000.0,2025-02-05
2025,2,6,3,6.6034999999999995,25178200.0,2025-02-06
2025,2,7,4,6.661900000000002,25352900.0,2025-02-07
2025,2,10,0,6.686499999999996,22720300.0,2025-02-10
2025,2,11,1,6.714799999999996,22555000.0,2025-02-11
2025,2,12,2,6.738599999999995,25439900.0,2025-02-12
2025,2,13,3,6.790799999999995,25374400.0,2025-02-13
2025,2,14,4,6.771799999999998,25215200.0,2025-02-14
2025,2,17,0,6.739299999999998,22504300.0,2025-02-17
2025,2,18,1,6.583200000000001,22689700.0,2025-02-18
2025,2,19,2,6.167999999999998,24547500.0,2025-02-19
2025,2,20,3,5.8626,24696400.0,2025-02-20
2025,2,21,4,5.843999999999995,24060400.0,2025-02-21
2025,2,24,0,5.924100000000001,20275100.0,2025-02-24
2025,2,25,1,5.997399999999999,20653500.0,2025-02-25
2025,2,26,2,6.008499999999995,23184700.0,2025-02-26
2025,2,27,3,6.057799999999999,22725700.0,2025-02-27
2025,2,28,4,6.0725000000000025,23022500.0,2025-02-28
2025,3,3,0,6.4177,24073000.0,2025-03-03
2025,3,4,1,6.395899999999998,22584600.0,2025-03-04
2025,3,5,2,6.428,24046900.0,2025-03-05
2025,3,6,3,6.303900000000001,24375500.0,2025-03-06
2025,3,7,4,6.366500000000003,25173400.0,2025-03-07
2025,3,10,0,6.468799999999998,21803300.0,2025-03-10
2025,3,11,1,6.436099999999997,21963200.0,2025-03-11
2025,3,12,2,6.4313999999999965,24590000.0,2025-03-12
2025,3,13,3,6.318300000000002,25247500.0,2025-03-13
2025,3,14,4,6.357500000000001,24374400.0,2025-03-14
2025,3,17,0,6.4475999999999996,21540800.0,2025-03-17
2025,3,18,1,6.250500000000001,21568600.0,2025-03-18
2025,3,19,2,5.961799999999999,23197200.0,2025-03-19
2025,3,20,3,5.618399999999996,24271300.0,2025-03-20
2025,3,21,4,5.361299999999997,22833900.0,2025-03-21
2025,3,24,0,5.525899999999998,19542000.0,2025-03-24
2025,3,25,1,5.575599999999997,20965500.0,2025-03-25
2025,3,26,2,5.5716,21915200.0,2025-03-26
2025,3,27,3,5.608900000000002,22834700.0,2025-03-27
2025,3,28,4,5.620400000000002,22261800.0,2025-03-28
2025,3,31,0,5.480500000000001,19399400.0,2025-03-31
2025,4,1,1,5.529399999999998,20445700.0,2025-04-01
2025,4,2,2,5.526999999999999,24756200.0,2025-04-02
2025,4,3,3,5.4982999999999995,24941000.0,2025-04-03
2025,4,4,4,5.470200000000001,24231400.0,2025-04-04
2025,4,7,0,5.466299999999999,19273700.0,2025-04-07
2025,4,8,1,5.530799999999997,17704800.0,2025-04-08
2025,4,9,2,5.512499999999997,16634800.0,2025-04-09
2025,4,10,3,5.3227999999999955,13468924.2,2025-04-10
2025,4,11,4,5.329099999999999,15658124.2,2025-04-11
2025,4,14,0,5.339600000000001,12997462.1,2025-04-14
2025,4,15,1,5.400899999999999,12524524.2,2025-04-15
2025,4,16,2,5.379100000000003,15599824.2,2025-04-16
2025,4,17,3,5.371100000000002,14794362.1,2025-04-17
2025,4,18,4,5.359100000000003,17431500.0,2025-04-18
2025,4,21,0,5.384200000000004,15966800.0,2025-04-21
2025,4,22,1,5.4431,14819762.1,2025-04-22
2025,4,23,2,5.511299999999998,17228762.1,2025-04-23
2025,4,24,3,5.499099999999998,14284462.1,2025-04-24
2025,4,25,4,5.470299999999998,16759800.0,2025-04-25
2025,4,28,0,5.6175000000000015,12872462.1,2025-04-28
2025,4,29,1,5.651700000000004,14567162.1,2025-04-29
2025,4,30,2,5.536299999999999,14876662.1,2025-04-30
2025,5,1,3,5.596800000000001,16537224.2,2025-05-01
2025,5,2,4,5.6312000000000015,15145762.1,2025-05-02
2025,5,5,0,5.484999999999996,12888324.2,2025-05-05
2025,5,6,1,5.581799999999998,10881748.4,2025-05-06
2025,5,7,2,5.645399999999995,10247124.2,2025-05-07
2025,5,8,3,5.437399999999997,10544024.2,2025-05-08
2025,5,9,4,5.514699999999998,10936362.1,2025-05-09
2025,5,12,0,5.3562,10171162.1,2025-05-12
2025,5,13,1,5.410299999999996,9905262.1,2025-05-13
2025,5,14,2,5.3504000000000005,10501162.1,2025-05-14
2025,5,15,3,5.3425999999999965,11022962.1,2025-05-15
2025,5,16,4,5.328899999999997,10114362.1,2025-05-16
2025,5,19,0,5.3987000000000025,10007962.1,2025-05-19
2025,5,20,1,5.464099999999999,9668462.1,2025-05-20
2025,5,21,2,5.421999999999998,10043900.0,2025-05-21
2025,5,22,3,5.3721000000000005,9562000.0,2025-05-22
2025,5,23,4,5.4777,10470500.0,2025-05-23
2025,5,26,0,5.5234000000000005,10234200.0,2025-05-26
2025,5,27,1,5.6112000000000055,9855500.0,2025-05-27
2025,5,28,2,5.6131,10602500.0,2025-05-28
2025,5,29,3,5.541400000000005,10800400.0,2025-05-29
2025,5,30,4,5.517900000000008,10778000.0,2025-05-30
2025,6,2,0,5.514100000000002,10724024.2,2025-06-02
2025,6,3,1,5.549100000000003,10477524.2,2025-06-03
2025,6,4,2,5.508600000000008,11033624.2,2025-06-04
2025,6,5,3,5.517600000000001,9875524.2,2025-06-05
2025,6,6,4,5.512000000000006,10037762.1,2025-06-06
2025,6,9,0,5.506100000000003,10034524.2,2025-06-09
2025,6,10,1,5.452200000000005,9847424.2,2025-06-10
2025,6,11,2,5.443900000000001,10664362.1,2025-06-11
2025,6,12,3,5.370799999999999,11500762.1,2025-06-12
2025,6,13,4,5.379799999999998,12621362.1,2025-06-13
2025,6,16,0,5.4217,11918524.2,2025-06-16
2025,6,17,1,5.478300000000006,11584524.2,2025-06-17
2025,6,18,2,5.489000000000004,11664924.2,2025-06-18
2025,6,19,3,5.457600000000001,12065624.2,2025-06-19
2025,6,20,4,5.431100000000002,14278162.1,2025-06-20
2025,6,23,0,5.5151,13848062.1,2025-06-23
2025,6,24,1,5.540300000000002,13672362.1,2025-06-24
2025,6,25,2,5.5056,13958662.1,2025-06-25
2025,6,26,3,5.513100000000001,14559462.1,2025-06-26
2025,6,27,4,5.525200000000003,15582400.0,2025-06-27
2025,6,30,0,5.574800000000007,13240062.1,2025-06-30
2025,7,1,1,5.518500000000004,11565848.4,2025-07-01
2025,7,2,2,5.528300000000002,11347148.4,2025-07-02
2025,7,3,3,5.5417000000000005,12031748.4,2025-07-03
2025,7,4,4,5.525200000000005,15141424.2,2025-07-04
2025,7,7,0,5.489200000000007,12420624.2,2025-07-07
2025,7,8,1,5.5448,11004748.4,2025-07-08
2025,7,9,2,5.505100000000004,9926724.2,2025-07-09
2025,7,10,3,5.4105,9950024.2,2025-07-10
2025,7,11,4,5.372999999999998,10126762.1,2025-07-11
2025,7,14,0,5.401599999999999,10482862.1,2025-07-14
2025,7,15,1,5.437200000000002,10405662.1,2025-07-15
2025,7,16,2,5.417600000000006,10965062.1,2025-07-16
2025,7,17,3,5.408500000000004,9875662.1,2025-07-17
2025,7,18,4,5.4025000000000025,10380462.1,2025-07-18
2025,7,21,0,5.464800000000005,10628100.0,2025-07-21
2025,7,22,1,5.4716000000000005,9769100.0,2025-07-22
2025,7,23,2,5.5272000000000014,10302200.0,2025-07-23
2025,7,24,3,5.5071,10101900.0,2025-07-24
2025,7,25,4,5.468000000000001,10176000.0,2025-07-25
2025,7,28,0,5.590400000000002,9617400.0,2025-07-28
2025,7,29,1,5.590700000000005,9535600.0,2025-07-29
2025,7,30,2,5.584100000000004,9610900.0,2025-07-30
2025,7,31,3,5.5007000000000055,17084400.0,2025-07-31
2025,8,1,4,5.5443999999999996,19231400.0,2025-08-01
2025,8,4,0,5.503500000000007,20034000.0,2025-08-04
2025,8,5,1,5.518500000000006,17645400.0,2025-08-05
2025,8,6,2,5.504700000000007,17007200.0,2025-08-06
2025,8,7,3,5.515800000000001,14111624.2,2025-08-07
2025,8,8,4,5.516900000000004,14796424.2,2025-08-08
2025,8,11,0,5.429200000000003,11923824.2,2025-08-11
2025,8,12,1,5.425800000000002,10106524.2,2025-08-12
2025,8,13,2,5.411500000000005,10644662.1,2025-08-13
2025,8,14,3,5.351699999999998,10716362.1,2025-08-14
2025,8,15,4,5.347999999999996,10498762.1,2025-08-15
2025,8,18,0,5.4566000000000034,10827662.1,2025-08-18
2025,8,19,1,5.5182,9699662.1,2025-08-19
2025,8,20,2,5.491400000000004,10386162.1,2025-08-20
2025,8,21,3,5.446900000000002,10944400.0,2025-08-21
2025,8,22,4,5.397300000000002,9824100.0,2025-08-22
2025,8,25,0,5.538599999999999,9586700.0,2025-08-25
2025,8,26,1,5.551300000000003,8925200.0,2025-08-26
2025,8,27,2,5.567500000000006,10493557.1,2025-08-27
2025,8,28,3,5.560600000000003,10647100.0,2025-08-28
2025,8,29,4,5.512900000000006,10344400.0,2025-08-29
2025,9,1,0,5.533,11151524.2,2025-09-01
2025,9,2,1,5.521500000000004,10180786.3,2025-09-02
2025,9,3,2,5.534500000000005,9939324.2,2025-09-03
2025,9,4,3,5.518400000000003,10201724.2,2025-09-04
2025,9,5,4,5.510900000000006,10185462.1,2025-09-05
2025,9,8,0,5.524700000000001,10274624.2,2025-09-08
2025,9,9,1,5.5075000000000065,10663324.2,2025-09-09
2025,9,10,2,5.448500000000003,10783424.2,2025-09-10
2025,9,11,3,5.381099999999996,11187124.2,2025-09-11
2025,9,12,4,5.386199999999998,10800062.1,2025-09-12
2025,9,15,0,5.400000000000002,10873662.1,2025-09-15
2025,9,16,1,5.453300000000004,9893462.1,2025-09-16
2025,9,17,2,5.488100000000004,10938062.1,2025-09-17
2025,9,18,3,5.443200000000001,10252562.1,2025-09-18
2025,9,19,4,5.406200000000002,10775162.1,2025-09-19
2025,9,22,0,5.453100000000002,9647800.0,2025-09-22
2025,9,23,1,5.5455,9397200.0,2025-09-23
2025,9,24,2,5.5192000000000005,9290500.0,2025-09-24
2025,9,25,3,5.492600000000001,9410900.0,2025-09-25
2025,9,26,4,5.480900000000002,9796500.0,2025-09-26
2025,9,29,0,5.575800000000003,9713400.0,2025-09-29
2025,9,30,1,5.575400000000007,10289100.0,2025-09-30
2025,10,1,2,5.525300000000003,11305324.2,2025-10-01
2025,10,2,3,5.533699999999998,12279848.4,2025-10-02
2025,10,3,4,5.543400000000003,15633024.2,2025-10-03
2025,10,6,0,5.493100000000007,12436224.2,2025-10-06
2025,10,7,1,5.525900000000002,11225048.4,2025-10-07
2025,10,8,2,5.531300000000005,10969586.3,2025-10-08
2025,10,9,3,5.488600000000002,10239924.2,2025-10-09
2025,10,10,4,5.4033999999999995,10761962.1,2025-10-10
2025,10,13,0,5.399000000000002,11220462.1,2025-10-13
2025,10,14,1,5.432900000000002,10765462.1,2025-10-14
2025,10,15,2,5.4024000000000045,11529562.1,2025-10-15
2025,10,16,3,5.3831999999999995,11199624.2,2025-10-16
2025,10,17,4,5.404900000000002,10966762.1,2025-10-17
2025,10,20,0,5.474400000000004,9632362.1,2025-10-20
2025,10,21,1,5.4921000000000015,9853700.0,2025-10-21
2025,10,22,2,5.464000000000003,10336900.0,2025-10-22
2025,10,23,3,5.5066,11029300.0,2025-10-23
2025,10,24,4,5.485100000000001,9235800.0,2025-10-24
2025,10,27,0,5.588700000000002,10825500.0,2025-10-27
2025,10,28,1,5.6121000000000025,9982400.0,2025-10-28
2025,10,29,2,5.583900000000004,11034200.0,2025-10-29
2025,10,30,3,5.539400000000003,9858200.0,2025-10-30
2025,10,31,4,5.459400000000009,27535400.0,2025-10-31
2025,11,3,0,5.5308,28807500.0,2025-11-03
2025,11,4,1,5.505400000000009,15451300.0,2025-11-04
2025,11,5,2,5.523300000000003,15050062.1,2025-11-05
2025,11,6,3,5.505700000000004,16497862.1,2025-11-06
2025,11,7,4,5.521300000000004,18855500.0,2025-11-07
2025,11,10,0,5.432300000000003,21218800.0,2025-11-10
2025,11,11,1,5.435500000000001,20180000.0,2025-11-11
2025,11,12,2,5.418900000000004,20502000.0,2025-11-12
2025,11,13,3,5.359899999999999,22785200.0,2025-11-13
2025,11,14,4,5.350099999999995,23069900.0,2025-11-14
2025,11,17,0,5.455700000000003,20774800.0,2025-11-17
2025,11,18,1,5.503000000000002,19075000.0,2025-11-18
2025,11,19,2,5.504800000000005,19961800.0,2025-11-19
2025,11,20,3,5.459600000000003,20249300.0,2025-11-20
2025,11,21,4,5.4223,20663400.0,2025-11-21
2025,11,24,0,5.5241,19136500.0,2025-11-24
2025,11,25,1,5.533200000000001,18596400.0,2025-11-25
2025,11,26,2,5.529600000000004,21645900.0,2025-11-26
2025,11,27,3,5.555000000000004,21249800.0,2025-11-27
2025,11,28,4,5.527000000000004,21132400.0,2025-11-28
2025,12,1,0,5.514100000000002,24512500.0,2025-12-01
2025,12,2,1,5.544600000000002,23372600.0,2025-12-02
2025,12,3,2,5.531500000000005,24445000.0,2025-12-03
2025,12,4,3,5.518400000000003,23729400.0,2025-12-04
2025,12,5,4,5.510900000000006,22988500.0,2025-12-05
2025,12,8,0,5.524700000000001,20837300.0,2025-12-08
2025,12,9,1,5.5075000000000065,19498200.0,2025-12-09
2025,12,10,2,5.448500000000003,20735700.0,2025-12-10
2025,12,11,3,5.381099999999996,22058100.0,2025-12-11
2025,12,12,4,5.386199999999998,22960600.0,2025-12-12
2025,12,15,0,5.400000000000002,20968900.0,2025-12-15
2025,12,16,1,5.453300000000004,18979100.0,2025-12-16
2025,12,17,2,5.488100000000004,20863200.0,2025-12-17
2025,12,18,3,5.443200000000001,21734400.0,2025-12-18
2025,12,19,4,5.406200000000002,21354200.0,2025-12-19
2025,12,22,0,5.453100000000002,20774600.0,2025-12-22
2025,12,23,1,5.5455,19131900.0,2025-12-23
2025,12,24,2,5.5192000000000005,22091900.0,2025-12-24
2025,12,25,3,5.492600000000001,21651700.0,2025-12-25
2025,12,26,4,5.480900000000002,21496600.0,2025-12-26
2025,12,29,0,5.575800000000003,20008600.0,2025-12-29
2025,12,30,1,5.575400000000007,18638900.0,2025-12-30
2025,12,31,2,5.496000000000008,27060300.0,2025-12-31
2026,1,1,3,5.509999999999998,28845400.0,2026-01-01
2026,1,2,4,5.5219999999999985,18764100.0,2026-01-02
2026,1,5,0,5.529599999999999,26055900.0,2026-01-05
2026,1,6,1,5.571699999999998,25578100.0,2026-01-06
2026,1,7,2,5.539999999999999,27850500.0,2026-01-07
2026,1,8,3,5.518899999999998,26658400.0,2026-01-08
2026,1,9,4,5.504999999999998,25677200.0,2026-01-09
2026,1,12,0,5.438,25574300.0,2026-01-12
2026,1,13,1,5.472499999999997,26021400.0,2026-01-13
2026,1,14,2,5.4441999999999995,27389200.0,2026-01-14
2026,1,15,3,5.363599999999996,26686800.0,2026-01-15
2026,1,16,4,5.391199999999998,25860900.0,2026-01-16
2026,1,19,0,5.431499999999999,25792500.0,2026-01-19
2026,1,20,1,5.487999999999999,24818700.0,2026-01-20
2026,1,21,2,5.457899999999999,25541300.0,2026-01-21
2026,1,22,3,5.391499999999996,23706700.0,2026-01-22
2026,1,23,4,5.554699999999998,24376600.0,2026-01-23
2026,1,26,0,5.609899999999997,22687500.0,2026-01-26
2026,1,27,1,5.7620999999999984,23429800.0,2026-01-27
2026,1,28,2,5.976299999999993,24251400.0,2026-01-28
2026,1,29,3,5.986399999999998,23735100.0,2026-01-29
2026,1,30,4,5.991199999999997,23674000.0,2026-01-30
2026,2,2,0,6.3237999999999985,24881500.0,2026-02-02
2026,2,3,1,6.566499999999996,25668000.0,2026-02-03
2026,2,4,2,6.579399999999997,25462200.0,2026-02-04
2026,2,5,3,6.6034999999999995,25540200.0,2026-02-05
2026,2,6,4,6.645500000000001,24999300.0,2026-02-06
2026,2,9,0,6.688199999999996,22857500.0,2026-02-09
2026,2,10,1,6.684899999999995,22537500.0,2026-02-10
2026,2,11,2,6.734999999999994,25257900.0,2026-02-11
2026,2,12,3,6.7839999999999945,25362700.0,2026-02-12
2026,2,13,4,6.793899999999997,25211900.0,2026-02-13
2026,2,16,0,6.745299999999998,22396700.0,2026-02-16
2026,2,17,1,6.7345999999999995,22290000.0,2026-02-17
2026,2,18,2,6.5901,24884300.0,2026-02-18
2026,2,19,3,6.213399999999999,24444200.0,2026-02-19
2026,2,20,4,5.902699999999999,24585800.0,2026-02-20
2026,2,23,0,5.970899999999999,20145800.0,2026-02-23
2026,2,24,1,6.025599999999997,20520700.0,2026-02-24
2026,2,25,2,6.139599999999997,22981500.0,2026-02-25
2026,2,26,3,6.074900000000001,22678500.0,2026-02-26
2026,2,27,4,6.073800000000002,23127500.0,2026-02-27
2026,3,2,0,6.410900000000001,24565600.0,2026-03-02
2026,3,3,1,6.452599999999998,24321900.0,2026-03-03
2026,3,4,2,6.403299999999998,24787900.0,2026-03-04
2026,3,5,3,6.303900000000001,25027700.0,2026-03-05
2026,3,6,4,6.3526000000000025,25075100.0,2026-03-06
2026,3,9,0,6.470499999999998,21208800.0,2026-03-09
2026,3,10,1,6.426099999999996,22233500.0,2026-03-10
2026,3,11,2,6.446899999999996,24395400.0,2026-03-11
2026,3,12,3,6.3147,25206200.0,2026-03-12
2026,3,13,4,6.359200000000002,24371100.0,2026-03-13
2026,3,16,0,6.4506,21426400.0,2026-03-16
2026,3,17,1,6.402199999999999,21712100.0,2026-03-17
2026,3,18,2,6.249100000000002,23978000.0,2026-03-18
2026,3,19,3,5.856400000000001,23229100.0,2026-03-19
2026,3,20,4,5.726099999999994,23946400.0,2026-03-20
2026,3,23,0,5.752499999999995,19180900.0,2026-03-23
2026,3,24,1,5.911299999999998,19455000.0,2026-03-24
2026,3,25,2,5.9179999999999975,22265800.0,2026-03-25
2026,3,26,3,5.886099999999998,22816700.0,2026-03-26
2026,3,27,4,5.887399999999998,22247100.0,2026-03-27
2026,3,30,0,5.908700000000002,19568100.0,2026-03-30
2026,3,31,1,5.918900000000003,19332700.0,2026-03-31
2026,4,1,2,6.202699999999998,23064900.0,2026-04-01
2026,4,2,3,6.3526,25822800.0,2026-04-02
2026,4,3,4,6.371400000000001,25265100.0,2026-04-03
2026,4,6,0,6.420900000000001,19510600.0,2026-04-06
2026,4,7,1,6.415799999999999,17568300.0,2026-04-07
2026,4,8,2,6.427799999999999,17019400.0,2026-04-08
2026,4,9,3,6.310499999999999,14090824.2,2026-04-09
2026,4,10,4,6.349100000000001,16179724.2,2026-04-10
2026,4,13,0,6.4603,13039562.1,2026-04-13
2026,4,14,1,6.412899999999999,12210424.2,2026-04-14
2026,4,15,2,6.412299999999998,13261324.2,2026-04-15
2026,4,16,3,6.289300000000001,15574624.2,2026-04-16
2026,4,17,4,6.330900000000002,15338000.0,2026-04-17
2026,4,20,0,5.925599999999999,15145962.1,2026-04-20
2026,4,21,1,5.789099999999996,15978062.1,2026-04-21
2026,4,22,2,5.851099999999995,14793462.1,2026-04-22
2026,4,23,3,5.878599999999999,17388962.1,2026-04-23
2026,4,24,4,5.884799999999997,19149600.0,2026-04-24
2026,4,27,0,5.931300000000001,17588600.0,2026-04-27
2026,4,28,1,5.9669000000000025,14462400.0,2026-04-28
2026,4,29,2,6.004499999999997,15689762.1,2026-04-29
2026,4,30,3,5.9453,13334062.1,2026-04-30
2026,5,1,4,6.107200000000001,18872024.2,2026-05-01
2026,5,4,0,6.3427,19753500.0,2026-05-04
2026,5,5,1,6.430699999999999,18254000.0,2026-05-05
2026,5,6,2,6.422900000000001,17792800.0,2026-05-06
2026,5,7,3,6.316000000000002,18737700.0,2026-05-07
2026,5,8,4,6.346500000000001,22414900.0,2026-05-08
2026,5,11,0,6.459599999999997,20740800.0,2026-05-11
2026,5,12,1,6.411199999999997,19643400.0,2026-05-12
2026,5,13,2,6.428899999999998,20917300.0,2026-05-13
2026,5,14,3,6.308500000000001,22819200.0,2026-05-14
2026,5,15,4,6.328900000000001,22832300.0,2026-05-15
2026,5,18,0,6.285300000000001,20526200.0,2026-05-18
2026,5,19,1,5.9549,18350700.0,2026-05-19
2026,5,20,2,5.680699999999997,19724300.0,2026-05-20
2026,5,21,3,5.449799999999995,21114800.0,2026-05-21
2026,5,22,4,5.355499999999999,20292200.0,2026-05-22
2026,5,25,0,5.509499999999998,18468100.0,2026-05-25
2026,5,26,1,5.5579,18603100.0,2026-05-26
2026,5,27,2,5.578800000000004,22980400.0,2026-05-27
2026,5,28,3,5.565400000000002,20011600.0,2026-05-28
2026,5,29,4,5.516900000000006,19253900.0,2026-05-29
2026,6,1,0,5.514100000000002,22201500.0,2026-06-01
2026,6,2,1,5.544600000000002,22851100.0,2026-06-02
2026,6,3,2,5.531500000000005,24121100.0,2026-06-03
2026,6,4,3,5.518400000000003,24714300.0,2026-06-04
2026,6,5,4,5.510900000000006,24281800.0,2026-06-05
2026,6,8,0,5.524700000000001,21568500.0,2026-06-08
2026,6,9,1,5.5075000000000065,19141700.0,2026-06-09
2026,6,10,2,5.448500000000003,19641300.0,2026-06-10
2026,6,11,3,5.381099999999996,21706400.0,2026-06-11
2026,6,12,4,5.386199999999998,22775300.0,2026-06-12
2026,6,15,0,5.400000000000002,20477500.0,2026-06-15
2026,6,16,1,5.453300000000004,18328200.0,2026-06-16
2026,6,17,2,5.488100000000004,19709700.0,2026-06-17
2026,6,18,3,5.443200000000001,20968700.0,2026-06-18
2026,6,19,4,5.406200000000002,20485800.0,2026-06-19
2026,6,22,0,5.453100000000002,18365100.0,2026-06-22
2026,6,23,1,5.5455,18821200.0,2026-06-23
2026,6,24,2,5.5192000000000005,19543000.0,2026-06-24
2026,6,25,3,5.492600000000001,21956000.0,2026-06-25
2026,6,26,4,5.480900000000002,20115300.0,2026-06-26
2026,6,29,0,5.575800000000003,17346000.0,2026-06-29
2026,6,30,1,5.575400000000007,14618862.1,2026-06-30
2026,7,1,2,5.525300000000003,14324848.4,2026-07-01
2026,7,2,3,5.533699999999998,13614148.4,2026-07-02
2026,7,3,4,5.543400000000003,15556024.2,2026-07-03
2026,7,6,0,5.493100000000007,11355024.2,2026-07-06
2026,7,7,1,5.525900000000002,9830248.4,2026-07-07
2026,7,8,2,5.531300000000005,10312462.1,2026-07-08
2026,7,9,3,5.488600000000002,10524924.2,2026-07-09
2026,7,10,4,5.4033999999999995,10378462.1,2026-07-10
2026,7,13,0,5.399000000000002,10692262.1,2026-07-13
2026,7,14,1,5.432900000000002,10125562.1,2026-07-14
2026,7,15,2,5.4024000000000045,10702262.1,2026-07-15
2026,7,16,3,5.3831999999999995,10247262.1,2026-07-16
2026,7,17,4,5.404900000000002,10822262.1,2026-07-17
2026,7,20,0,5.474400000000004,9649362.1,2026-07-20
2026,7,21,1,5.4921000000000015,9251100.0,2026-07-21
2026,7,22,2,5.464000000000003,9202100.0,2026-07-22
2026,7,23,3,5.5066,10658400.0,2026-07-23
2026,7,24,4,5.485100000000001,10118700.0,2026-07-24
2026,7,27,0,5.588700000000002,9478800.0,2026-07-27
2026,7,28,1,5.6121000000000025,9402900.0,2026-07-28
2026,7,29,2,5.583900000000004,9307300.0,2026-07-29
2026,7,30,3,5.539400000000003,10253700.0,2026-07-30
2026,7,31,4,5.459400000000009,24349100.0,2026-07-31
2026,8,3,0,5.5308,24148900.0,2026-08-03
2026,8,4,1,5.505400000000009,21044100.0,2026-08-04
2026,8,5,2,5.523300000000003,20774600.0,2026-08-05
2026,8,6,3,5.505700000000004,22812800.0,2026-08-06
2026,8,7,4,5.521300000000004,22517800.0,2026-08-07
2026,8,10,0,5.432300000000003,20520000.0,2026-08-10
2026,8,11,1,5.435500000000001,18184900.0,2026-08-11
2026,8,12,2,5.418900000000004,17496100.0,2026-08-12
2026,8,13,3,5.359899999999999,18577600.0,2026-08-13
2026,8,14,4,5.350099999999995,20660900.0,2026-08-14
2026,8,17,0,5.455700000000003,19349300.0,2026-08-17
2026,8,18,1,5.503000000000002,17539900.0,2026-08-18
2026,8,19,2,5.504800000000005,16967900.0,2026-08-19
2026,8,20,3,5.459600000000003,14334662.1,2026-08-20
2026,8,21,4,5.4223,14176900.0,2026-08-21
2026,8,24,0,5.5241,12399262.1,2026-08-24
2026,8,25,1,5.533200000000001,12260562.1,2026-08-25
2026,8,26,2,5.529600000000004,11807462.1,2026-08-26
2026,8,27,3,5.555000000000004,10438662.1,2026-08-27
2026,8,28,4,5.527000000000004,10775800.0,2026-08-28
2026,8,31,0,5.509600000000006,15618100.0,2026-08-31
2026,9,1,1,5.544600000000002,13375824.2,2026-09-01
2026,9,2,2,5.525300000000003,13120248.4,2026-09-02
2026,9,3,3,5.5417000000000005,12946048.4,2026-09-03
2026,9,4,4,5.525200000000005,15593024.2,2026-09-04
2026,9,7,0,5.489200000000007,12042924.2,2026-09-07
2026,9,8,1,5.5448,10182748.4,2026-09-08
2026,9,9,2,5.505100000000004,10240924.2,2026-09-09
2026,9,10,3,5.4105,10716924.2,2026-09-10
2026,9,11,4,5.372999999999998,10739962.1,2026-09-11
2026,9,14,0,5.401599999999999,10648762.1,2026-09-14
2026,9,15,1,5.437200000000002,10838762.1,2026-09-15
2026,9,16,2,5.417600000000006,10792262.1,2026-09-16
2026,9,17,3,5.408500000000004,10994462.1,2026-09-17
2026,9,18,4,5.4025000000000025,10066162.1,2026-09-18
2026,9,21,0,5.464800000000005,10410500.0,2026-09-21
2026,9,22,1,5.4716000000000005,10379400.0,2026-09-22
2026,9,23,2,5.5272000000000014,11108000.0,2026-09-23
2026,9,24,3,5.5071,9460400.0,2026-09-24
2026,9,25,4,5.468000000000001,9762600.0,2026-09-25
2026,9,28,0,5.590400000000002,9863300.0,2026-09-28
2026,9,29,1,5.590700000000005,10416000.0,2026-09-29
2026,9,30,2,5.584100000000004,11118500.0,2026-09-30
2026,10,1,3,5.577899999999999,10644786.3,2026-10-01
2026,10,2,4,5.531199999999999,10683362.1,2026-10-02
2026,10,5,0,5.486000000000008,10407224.2,2026-10-05
2026,10,6,1,5.5268000000000015,10833724.2,2026-10-06
2026,10,7,2,5.504700000000007,10704724.2,2026-10-07
2026,10,8,3,5.5236,10522524.2,2026-10-08
2026,10,9,4,5.490400000000002,11110162.1,2026-10-09
2026,10,12,0,5.4235000000000015,10524662.1,2026-10-12
2026,10,13,1,5.419700000000002,11169262.1,2026-10-13
2026,10,14,2,5.399900000000005,10887562.1,2026-10-14
2026,10,15,3,5.371199999999999,10232862.1,2026-10-15
2026,10,16,4,5.3802999999999965,10706762.1,2026-10-16
2026,10,19,0,5.4730000000000025,10486262.1,2026-10-19
2026,10,20,1,5.511000000000001,10922662.1,2026-10-20
2026,10,21,2,5.482700000000005,10683100.0,2026-10-21
2026,10,22,3,5.437500000000001,10225600.0,2026-10-22
2026,10,23,4,5.4671,11646700.0,2026-10-23
2026,10,26,0,5.548500000000001,10424662.1,2026-10-26
2026,10,27,1,5.592300000000006,10787500.0,2026-10-27
2026,10,28,2,5.606900000000003,11130800.0,2026-10-28
2026,10,29,3,5.538400000000004,9953200.0,2026-10-29
2026,10,30,4,5.513900000000008,10760600.0,2026-10-30
2026,11,2,0,5.533,11846962.1,2026-11-02
2026,11,3,1,5.526800000000005,12877924.2,2026-11-03
2026,11,4,2,5.511600000000008,14741224.2,2026-11-04
2026,11,5,3,5.517600000000001,16662462.1,2026-11-05
2026,11,6,4,5.512000000000006,20024400.0,2026-11-06
2026,11,9,0,5.506100000000003,19038600.0,2026-11-09
2026,11,10,1,5.452200000000005,18763500.0,2026-11-10
2026,11,11,2,5.443900000000001,21206000.0,2026-11-11
2026,11,12,3,5.370799999999999,23388500.0,2026-11-12
2026,11,13,4,5.379799999999998,22750400.0,2026-11-13
2026,11,16,0,5.4217,21001500.0,2026-11-16
2026,11,17,1,5.478300000000006,19016700.0,2026-11-17
2026,11,18,2,5.489000000000004,19939800.0,2026-11-18
2026,11,19,3,5.457600000000001,20098500.0,2026-11-19
2026,11,20,4,5.431100000000002,20808000.0,2026-11-20
2026,11,23,0,5.5151,19100400.0,2026-11-23
2026,11,24,1,5.540300000000002,18423000.0,2026-11-24
2026,11,25,2,5.5056,21122300.0,2026-11-25
2026,11,26,3,5.513100000000001,21436100.0,2026-11-26
2026,11,27,4,5.525200000000003,21140700.0,2026-11-27
2026,11,30,0,5.574800000000007,18370600.0,2026-11-30
2026,12,1,1,5.518500000000004,20471100.0,2026-12-01
2026,12,2,2,5.528300000000002,25766200.0,2026-12-02
2026,12,3,3,5.5417000000000005,26107300.0,2026-12-03
2026,12,4,4,5.525200000000005,23736600.0,2026-12-04
2026,12,7,0,5.489200000000007,20536600.0,2026-12-07
2026,12,8,1,5.5448,19568700.0,2026-12-08
2026,12,9,2,5.505100000000004,21439800.0,2026-12-09
2026,12,10,3,5.4105,22896700.0,2026-12-10
2026,12,11,4,5.372999999999998,22309200.0,2026-12-11
2026,12,14,0,5.401599999999999,21565100.0,2026-12-14
2026,12,15,1,5.437200000000002,19981200.0,2026-12-15
2026,12,16,2,5.417600000000006,19766600.0,2026-12-16
2026,12,17,3,5.408500000000004,21251900.0,2026-12-17
2026,12,18,4,5.4025000000000025,21640500.0,2026-12-18
2026,12,21,0,5.464800000000005,21954700.0,2026-12-21
2026,12,22,1,5.4716000000000005,19119600.0,2026-12-22
2026,12,23,2,5.5272000000000014,22205700.0,2026-12-23
2026,12,24,3,5.5071,21399600.0,2026-12-24
2026,12,25,4,5.468000000000001,21376600.0,2026-12-25
2026,12,28,0,5.590400000000002,20354000.0,2026-12-28
2026,12,29,1,5.590700000000005,18899200.0,2026-12-29
2026,12,30,2,5.584100000000004,21984900.0,2026-12-30
2026,12,31,3,5.5007000000000055,20739800.0,2026-12-31
2027,1,1,4,5.5219999999999985,31471300.0,2027-01-01
2027,1,4,0,5.532699999999998,17990000.0,2027-01-04
2027,1,5,1,5.5728,20816700.0,2027-01-05
2027,1,6,2,5.537799999999999,27403200.0,2027-01-06
2027,1,7,3,5.5013999999999985,27294200.0,2027-01-07
2027,1,8,4,5.513099999999997,27547500.0,2027-01-08
2027,1,11,0,5.4445,26795900.0,2027-01-11
2027,1,12,1,5.473099999999997,24393500.0,2027-01-12
2027,1,13,2,5.450899999999999,27813200.0,2027-01-13
2027,1,14,3,5.378399999999996,26547400.0,2027-01-14
2027,1,15,4,5.399999999999998,26495400.0,2027-01-15
2027,1,18,0,5.4403999999999995,24936300.0,2027-01-18
2027,1,19,1,5.489699999999998,24353700.0,2027-01-19
2027,1,20,2,5.470699999999999,26564700.0,2027-01-20
2027,1,21,3,5.389299999999996,25335300.0,2027-01-21
2027,1,22,4,5.399599999999998,24049800.0,2027-01-22
2027,1,25,0,5.581299999999994,23027400.0,2027-01-25
2027,1,26,1,5.674799999999998,22338400.0,2027-01-26
2027,1,27,2,5.704999999999995,25623500.0,2027-01-27
2027,1,28,3,5.670499999999993,23795000.0,2027-01-28
2027,1,29,4,5.658299999999994,23849200.0,2027-01-29
2027,2,1,0,5.479799999999995,24891800.0,2027-02-01
2027,2,2,1,5.5624999999999964,26081200.0,2027-02-02
2027,2,3,2,5.538699999999999,27424900.0,2027-02-03
2027,2,4,3,5.489199999999998,26045600.0,2027-02-04
2027,2,5,4,5.480699999999998,25766500.0,2027-02-05
2027,2,8,0,5.505499999999996,23003600.0,2027-02-08
2027,2,9,1,5.548799999999996,22165800.0,2027-02-09
2027,2,10,2,5.455299999999998,25364000.0,2027-02-10
2027,2,11,3,5.365799999999996,25091600.0,2027-02-11
2027,2,12,4,5.3737999999999975,25898900.0,2027-02-12
2027,2,15,0,5.395199999999997,23053300.0,2027-02-15
2027,2,16,1,5.465699999999997,22040000.0,2027-02-16
2027,2,17,2,5.4533999999999985,24824900.0,2027-02-17
2027,2,18,3,5.379699999999996,25143300.0,2027-02-18
2027,2,19,4,5.380999999999999,24559200.0,2027-02-19
2027,2,22,0,5.400899999999998,20301600.0,2027-02-22
2027,2,23,1,5.606099999999993,20508500.0,2027-02-23
2027,2,24,2,5.6260999999999965,22746500.0,2027-02-24
2027,2,25,3,5.401899999999995,23261400.0,2027-02-25
2027,2,26,4,5.540899999999997,22689400.0,2027-02-26
2027,3,1,0,5.4851,24765200.0,2027-03-01
2027,3,2,1,5.510899999999998,24688700.0,2027-03-02
2027,3,3,2,5.4864,26773700.0,2027-03-03
2027,3,4,3,5.417299999999998,25503600.0,2027-03-04
2027,3,5,4,5.4236,24357900.0,2027-03-05
2027,3,8,0,5.446699999999997,22113200.0,2027-03-08
2027,3,9,1,5.492099999999997,21775500.0,2027-03-09
2027,3,10,2,5.374399999999997,24465100.0,2027-03-10
2027,3,11,3,5.3242999999999965,25052600.0,2027-03-11
2027,3,12,4,5.302399999999999,24743700.0,2027-03-12
2027,3,15,0,5.331799999999999,22148600.0,2027-03-15
2027,3,16,1,5.4001,21606100.0,2027-03-16
2027,3,17,2,5.402400000000003,23856500.0,2027-03-17
2027,3,18,3,5.329299999999998,24333900.0,2027-03-18
2027,3,19,4,5.3228,23276700.0,2027-03-19
2027,3,22,0,5.3511,19618700.0,2027-03-22
2027,3,23,1,5.555599999999997,20535700.0,2027-03-23
2027,3,24,2,5.551999999999998,21665700.0,2027-03-24
2027,3,25,3,5.494999999999997,22819300.0,2027-03-25
2027,3,26,4,5.512199999999999,22125200.0,2027-03-26
2027,3,29,0,5.6327000000000025,20185500.0,2027-03-29
2027,3,30,1,5.547000000000001,18334800.0,2027-03-30
2027,3,31,2,5.515000000000002,21002300.0,2027-03-31
2027,4,1,3,5.483999999999998,26328300.0,2027-04-01
2027,4,2,4,5.4853999999999985,24839000.0,2027-04-02
2027,4,5,0,5.464700000000001,19743800.0,2027-04-05
2027,4,6,1,5.497999999999999,18130500.0,2027-04-06
2027,4,7,2,5.485499999999998,17812600.0,2027-04-07
2027,4,8,3,5.455599999999997,18214900.0,2027-04-08
2027,4,9,4,5.438499999999997,19934300.0,2027-04-09
2027,4,12,0,5.314999999999999,18374700.0,2027-04-12
2027,4,13,1,5.406299999999999,16569700.0,2027-04-13
2027,4,14,2,5.349500000000001,12321362.1,2027-04-14
2027,4,15,3,5.306299999999997,13992724.2,2027-04-15
2027,4,16,4,5.3175,17145962.1,2027-04-16
2027,4,19,0,5.395000000000003,13590662.1,2027-04-19
2027,4,20,1,5.457200000000001,14774224.2,2027-04-20
2027,4,21,2,5.409400000000001,16538062.1,2027-04-21
2027,4,22,3,5.335899999999999,13866062.1,2027-04-22
2027,4,23,4,5.4787,17183900.0,2027-04-23
2027,4,26,0,5.550499999999999,12615362.1,2027-04-26
2027,4,27,1,5.633000000000002,14898162.1,2027-04-27
2027,4,28,2,5.5263,16323962.1,2027-04-28
2027,4,29,3,5.554900000000007,14255062.1,2027-04-29
2027,4,30,4,5.543700000000006,16072600.0,2027-04-30
2027,5,3,0,5.583900000000001,12690224.2,2027-05-03
2027,5,4,1,5.655799999999996,12414848.4,2027-05-04
2027,5,5,2,5.5095999999999945,12348148.4,2027-05-05
2027,5,6,3,5.55,12152748.4,2027-05-06
2027,5,7,4,5.566100000000006,12828224.2,2027-05-07
2027,5,10,0,5.383000000000001,11709148.4,2027-05-10
2027,5,11,1,5.452499999999997,10380048.4,2027-05-11
2027,5,12,2,5.3759999999999994,11326662.1,2027-05-12
2027,5,13,3,5.372699999999996,11221324.2,2027-05-13
2027,5,14,4,5.351899999999998,11578962.1,2027-05-14
2027,5,17,0,5.393500000000002,10273524.2,2027-05-17
2027,5,18,1,5.450400000000001,10655162.1,2027-05-18
2027,5,19,2,5.436199999999999,11525362.1,2027-05-19
2027,5,20,3,5.381600000000003,10836024.2,2027-05-20
2027,5,21,4,5.387000000000003,11591100.0,2027-05-21
2027,5,24,0,5.508899999999998,11208062.1,2027-05-24
2027,5,25,1,5.536099999999998,10196100.0,2027-05-25
2027,5,26,2,5.524399999999999,10417400.0,2027-05-26
2027,5,27,3,5.5594000000000054,10769700.0,2027-05-27
2027,5,28,4,5.529600000000003,11046700.0,2027-05-28
2027,5,31,0,5.509700000000006,16500100.0,2027-05-31
2027,6,1,1,5.544600000000002,13107924.2,2027-06-01
2027,6,2,2,5.525300000000003,12209448.4,2027-06-02
2027,6,3,3,5.5417000000000005,13746748.4,2027-06-03
2027,6,4,4,5.525200000000005,16905424.2,2027-06-04
2027,6,7,0,5.489200000000007,12505624.2,2027-06-07
2027,6,8,1,5.5448,11722948.4,2027-06-08
2027,6,9,2,5.505100000000004,11000048.4,2027-06-09
2027,6,10,3,5.4105,10417324.2,2027-06-10
2027,6,11,4,5.372999999999998,11300862.1,2027-06-11
2027,6,14,0,5.401599999999999,10858424.2,2027-06-14
2027,6,15,1,5.437200000000002,10772762.1,2027-06-15
2027,6,16,2,5.417600000000006,11905462.1,2027-06-16
2027,6,17,3,5.408500000000004,12013624.2,2027-06-17
2027,6,18,4,5.4025000000000025,13506762.1,2027-06-18
2027,6,21,0,5.464800000000005,12880262.1,2027-06-21
2027,6,22,1,5.4716000000000005,13116162.1,2027-06-22
2027,6,23,2,5.5272000000000014,13367962.1,2027-06-23
2027,6,24,3,5.5071,14001662.1,2027-06-24
2027,6,25,4,5.468000000000001,15159500.0,2027-06-25
2027,6,28,0,5.590400000000002,14825462.1,2027-06-28
2027,6,29,1,5.590700000000005,14904262.1,2027-06-29
2027,6,30,2,5.584100000000004,13961962.1,2027-06-30
2027,7,1,3,5.577899999999999,15377848.4,2027-07-01
2027,7,2,4,5.531199999999999,15387862.1,2027-07-02
2027,7,5,0,5.486000000000008,11385224.2,2027-07-05
2027,7,6,1,5.5268000000000015,9663748.4,2027-07-06
2027,7,7,2,5.504700000000007,9884900.0,2027-07-07
2027,7,8,3,5.5236,10006662.1,2027-07-08
2027,7,9,4,5.490400000000002,10085462.1,2027-07-09
2027,7,12,0,5.4235000000000015,10436062.1,2027-07-12
2027,7,13,1,5.419700000000002,10635762.1,2027-07-13
2027,7,14,2,5.399900000000005,10786062.1,2027-07-14
2027,7,15,3,5.371199999999999,10811362.1,2027-07-15
2027,7,16,4,5.3802999999999965,10183662.1,2027-07-16
2027,7,19,0,5.4730000000000025,10317562.1,2027-07-19
2027,7,20,1,5.511000000000001,10501462.1,2027-07-20
2027,7,21,2,5.482700000000005,10971100.0,2027-07-21
2027,7,22,3,5.437500000000001,9256800.0,2027-07-22
2027,7,23,4,5.4671,10978200.0,2027-07-23
2027,7,26,0,5.548500000000001,8691800.0,2027-07-26
2027,7,27,1,5.592300000000006,11248257.1,2027-07-27
2027,7,28,2,5.606900000000003,10646800.0,2027-07-28
2027,7,29,3,5.538400000000004,10242100.0,2027-07-29
2027,7,30,4,5.513900000000008,10499900.0,2027-07-30
2027,8,2,0,5.533,10140724.2,2027-08-02
2027,8,3,1,5.526800000000005,9738224.2,2027-08-03
2027,8,4,2,5.511600000000008,10378162.1,2027-08-04
2027,8,5,3,5.517600000000001,10443124.2,2027-08-05
2027,8,6,4,5.512000000000006,10208262.1,2027-08-06
2027,8,9,0,5.506100000000003,10124824.2,2027-08-09
2027,8,10,1,5.452200000000005,10014624.2,2027-08-10
2027,8,11,2,5.443900000000001,10374524.2,2027-08-11
2027,8,12,3,5.370799999999999,10893362.1,2027-08-12
2027,8,13,4,5.379799999999998,10123062.1,2027-08-13
2027,8,16,0,5.4217,10533562.1,2027-08-16
2027,8,17,1,5.478300000000006,10586562.1,2027-08-17
2027,8,18,2,5.489000000000004,11088762.1,2027-08-18
2027,8,19,3,5.457600000000001,10729762.1,2027-08-19
2027,8,20,4,5.431100000000002,10537062.1,2027-08-20
2027,8,23,0,5.5151,10146000.0,2027-08-23
2027,8,24,1,5.540300000000002,9718100.0,2027-08-24
2027,8,25,2,5.5056,10081600.0,2027-08-25
2027,8,26,3,5.513100000000001,10032500.0,2027-08-26
2027,8,27,4,5.525200000000003,10089500.0,2027-08-27
2027,8,30,0,5.574800000000007,9439000.0,2027-08-30
2027,8,31,1,5.507200000000007,16454300.0,2027-08-31
2027,9,1,2,5.549100000000001,14154724.2,2027-09-01
2027,9,2,3,5.5341999999999985,13959448.4,2027-09-02
2027,9,3,4,5.543400000000003,16750624.2,2027-09-03
2027,9,6,0,5.493100000000007,11996424.2,2027-09-06
2027,9,7,1,5.525900000000002,9326848.4,2027-09-07
2027,9,8,2,5.531300000000005,9796500.0,2027-09-08
2027,9,9,3,5.488600000000002,10467262.1,2027-09-09
2027,9,10,4,5.4033999999999995,10804062.1,2027-09-10
2027,9,13,0,5.399000000000002,10897762.1,2027-09-13
2027,9,14,1,5.432900000000002,9980062.1,2027-09-14
2027,9,15,2,5.4024000000000045,10730962.1,2027-09-15
2027,9,16,3,5.3831999999999995,10663262.1,2027-09-16
2027,9,17,4,5.404900000000002,10884362.1,2027-09-17
2027,9,20,0,5.474400000000004,9624462.1,2027-09-20
2027,9,21,1,5.4921000000000015,9308000.0,2027-09-21
2027,9,22,2,5.464000000000003,9194500.0,2027-09-22
2027,9,23,3,5.5066,9589957.1,2027-09-23
2027,9,24,4,5.485100000000001,9707200.0,2027-09-24
2027,9,27,0,5.588700000000002,9715500.0,2027-09-27
2027,9,28,1,5.6121000000000025,10534100.0,2027-09-28
2027,9,29,2,5.583900000000004,11068500.0,2027-09-29
2027,9,30,3,5.539400000000003,9551300.0,2027-09-30
2027,10,1,4,5.533699999999999,10382500.0,2027-10-01
2027,10,4,0,5.499600000000006,11128024.2,2027-10-04
2027,10,5,1,5.518500000000006,10110886.3,2027-10-05
2027,10,6,2,5.504700000000007,10451524.2,2027-10-06
2027,10,7,3,5.515800000000001,10932124.2,2027-10-07
2027,10,8,4,5.516900000000004,10121962.1,2027-10-08
2027,10,11,0,5.429200000000003,10616024.2,2027-10-11
2027,10,12,1,5.425800000000002,11156362.1,2027-10-12
2027,10,13,2,5.411500000000005,10881862.1,2027-10-13
2027,10,14,3,5.351699999999998,10364662.1,2027-10-14
2027,10,15,4,5.347999999999996,10819262.1,2027-10-15
2027,10,18,0,5.4566000000000034,9988562.1,2027-10-18
2027,10,19,1,5.5182,10392462.1,2027-10-19
2027,10,20,2,5.491400000000004,11233862.1,2027-10-20
2027,10,21,3,5.446900000000002,11326000.0,2027-10-21
2027,10,22,4,5.397300000000002,12526700.0,2027-10-22
2027,10,25,0,5.538599999999999,12454962.1,2027-10-25
2027,10,26,1,5.551300000000003,12700962.1,2027-10-26
2027,10,27,2,5.567500000000006,12297562.1,2027-10-27
2027,10,28,3,5.560600000000003,11714162.1,2027-10-28
2027,10,29,4,5.512900000000006,11827900.0,2027-10-29
2027,11,1,0,5.533,14448324.2,2027-11-01
2027,11,2,1,5.521500000000004,16435924.2,2027-11-02
2027,11,3,2,5.534500000000005,15679462.1,2027-11-03
2027,11,4,3,5.518400000000003,17617462.1,2027-11-04
2027,11,5,4,5.510900000000006,20110000.0,2027-11-05
2027,11,8,0,5.524700000000001,19696800.0,2027-11-08
2027,11,9,1,5.5075000000000065,18468700.0,2027-11-09
2027,11,10,2,5.448500000000003,18869000.0,2027-11-10
2027,11,11,3,5.381099999999996,21664900.0,2027-11-11
2027,11,12,4,5.386199999999998,22739900.0,2027-11-12
2027,11,15,0,5.400000000000002,21256300.0,2027-11-15
2027,11,16,1,5.453300000000004,19615500.0,2027-11-16
2027,11,17,2,5.488100000000004,20686000.0,2027-11-17
2027,11,18,3,5.443200000000001,21933300.0,2027-11-18
2027,11,19,4,5.406200000000002,21286400.0,2027-11-19
2027,11,22,0,5.453100000000002,19684900.0,2027-11-22
2027,11,23,1,5.5455,18830900.0,2027-11-23
2027,11,24,2,5.5192000000000005,20109300.0,2027-11-24
2027,11,25,3,5.492600000000001,20822100.0,2027-11-25
2027,11,26,4,5.480900000000002,21097100.0,2027-11-26
2027,11,29,0,5.575800000000003,19246800.0,2027-11-29
2027,11,30,1,5.575400000000007,18009400.0,2027-11-30
2027,12,1,2,5.525300000000003,22117400.0,2027-12-01
2027,12,2,3,5.533699999999998,27262400.0,2027-12-02
2027,12,3,4,5.543400000000003,25615700.0,2027-12-03
2027,12,6,0,5.493100000000007,20916400.0,2027-12-06
2027,12,7,1,5.525900000000002,20079800.0,2027-12-07
2027,12,8,2,5.531300000000005,20661700.0,2027-12-08
2027,12,9,3,5.488600000000002,22344000.0,2027-12-09
2027,12,10,4,5.4033999999999995,22635300.0,2027-12-10
2027,12,13,0,5.399000000000002,21862400.0,2027-12-13
2027,12,14,1,5.432900000000002,20488200.0,2027-12-14
2027,12,15,2,5.4024000000000045,21266900.0,2027-12-15
2027,12,16,3,5.3831999999999995,22084200.0,2027-12-16
2027,12,17,4,5.404900000000002,21753600.0,2027-12-17
2027,12,20,0,5.474400000000004,22620800.0,2027-12-20
2027,12,21,1,5.4921000000000015,20457800.0,2027-12-21
2027,12,22,2,5.464000000000003,21145900.0,2027-12-22
2027,12,23,3,5.5066,21693600.0,2027-12-23
2027,12,24,4,5.485100000000001,21179700.0,2027-12-24
2027,12,27,0,5.588700000000002,20742100.0,2027-12-27
2027,12,28,1,5.6121000000000025,19112800.0,2027-12-28
2027,12,29,2,5.583900000000004,21616600.0,2027-12-29
2027,12,30,3,5.539400000000003,20967700.0,2027-12-30
2027,12,31,4,5.459400000000009,20479200.0,2027-12-31
2028,1,3,0,5.537299999999999,27053800.0,2028-01-03
2028,1,4,1,5.574199999999999,25272300.0,2028-01-04
2028,1,5,2,5.5389,27659800.0,2028-01-05
2028,1,6,3,5.504699999999998,27479800.0,2028-01-06
2028,1,7,4,5.499199999999999,26909100.0,2028-01-07
2028,1,10,0,5.4445,24932600.0,2028-01-10
2028,1,11,1,5.483599999999998,25671000.0,2028-01-11
2028,1,12,2,5.4489,27262000.0,2028-01-12
2028,1,13,3,5.3703999999999965,27214300.0,2028-01-13
2028,1,14,4,5.399499999999997,26924900.0,2028-01-14
2028,1,17,0,5.4434000000000005,24737500.0,2028-01-17
2028,1,18,1,5.495099999999999,24551300.0,2028-01-18
2028,1,19,2,5.470699999999998,26257700.0,2028-01-19
2028,1,20,3,5.399899999999997,26367400.0,2028-01-20
2028,1,21,4,5.392699999999999,25132200.0,2028-01-21
2028,1,24,0,5.586399999999995,22440300.0,2028-01-24
2028,1,25,1,5.660099999999996,23531300.0,2028-01-25
2028,1,26,2,5.641599999999995,23973900.0,2028-01-26
2028,1,27,3,5.537199999999998,24486200.0,2028-01-27
2028,1,28,4,5.648099999999999,24615400.0,2028-01-28
2028,1,31,0,5.528499999999997,21819900.0,2028-01-31
2028,2,1,1,5.571299999999997,25482200.0,2028-02-01
2028,2,2,2,5.538199999999998,27900700.0,2028-02-02
2028,2,3,3,5.505999999999998,29200300.0,2028-02-03
2028,2,4,4,5.486999999999998,15809200.0,2028-02-04
2028,2,7,0,5.489799999999998,12348324.2,2028-02-07
2028,2,8,1,5.561599999999995,12015248.4,2028-02-08
2028,2,9,2,5.520399999999996,11387448.4,2028-02-09
2028,2,10,3,5.383999999999997,11704148.4,2028-02-10
2028,2,11,4,5.384299999999999,12640924.2,2028-02-11
2028,2,14,0,5.391899999999997,12892524.2,2028-02-14
2028,2,15,1,5.451999999999997,13221724.2,2028-02-15
2028,2,16,2,5.436199999999999,15426324.2,2028-02-16
2028,2,17,3,5.369499999999999,14373362.1,2028-02-17
2028,2,18,4,5.391999999999999,16513562.1,2028-02-18
2028,2,21,0,5.3942999999999985,13400462.1,2028-02-21
2028,2,22,1,5.466599999999995,15981162.1,2028-02-22
2028,2,23,2,5.569899999999995,14343962.1,2028-02-23
2028,2,24,3,5.547399999999995,15742962.1,2028-02-24
2028,2,25,4,5.534499999999997,14171300.0,2028-02-25
2028,2,28,0,5.678499999999996,14301162.1,2028-02-28
2028,2,29,1,5.710099999999995,15052262.1,2028-02-29
2028,3,1,2,5.647299999999993,15734824.2,2028-03-01
2028,3,2,3,5.318699999999995,14589124.2,2028-03-02
2028,3,3,4,5.429300000000001,16833124.2,2028-03-03
2028,3,6,0,5.4266999999999985,12620124.2,2028-03-06
2028,3,7,1,5.483199999999998,11831848.4,2028-03-07
2028,3,8,2,5.487599999999998,9948748.4,2028-03-08
2028,3,9,3,5.400599999999996,9574724.2,2028-03-09
2028,3,10,4,5.3283999999999985,9671800.0,2028-03-10
2028,3,13,0,5.331599999999998,9572462.1,2028-03-13
2028,3,14,1,5.382799999999999,9231700.0,2028-03-14
2028,3,15,2,5.3783,9977500.0,2028-03-15
2028,3,16,3,5.327599999999998,9688662.1,2028-03-16
2028,3,17,4,5.3214999999999995,9963262.1,2028-03-17
2028,3,20,0,5.364800000000002,9371162.1,2028-03-20
2028,3,21,1,5.414300000000001,10151300.0,2028-03-21
2028,3,22,2,5.371700000000001,9341400.0,2028-03-22
2028,3,23,3,5.4956999999999985,9043200.0,2028-03-23
2028,3,24,4,5.503399999999999,11429057.1,2028-03-24
2028,3,27,0,5.6555,11001062.1,2028-03-27
2028,3,28,1,5.569699999999999,9237200.0,2028-03-28
2028,3,29,2,5.633000000000005,9901200.0,2028-03-29
2028,3,30,3,5.453500000000002,9867900.0,2028-03-30
2028,3,31,4,5.492000000000007,31710400.0,2028-03-31
2028,4,3,0,5.5038,17963800.0,2028-04-03
2028,4,4,1,5.5064,15278800.0,2028-04-04
2028,4,5,2,5.4801,13878124.2,2028-04-05
2028,4,6,3,5.439499999999998,14055248.4,2028-04-06
2028,4,7,4,5.4369,15592124.2,2028-04-07
2028,4,10,0,5.3370999999999995,13040124.2,2028-04-10
2028,4,11,1,5.421299999999999,11889048.4,2028-04-11
2028,4,12,2,5.350899999999999,12238724.2,2028-04-12
2028,4,13,3,5.3124999999999964,13470324.2,2028-04-13
2028,4,14,4,5.305399999999999,16080762.1,2028-04-14
2028,4,17,0,5.391100000000005,14371262.1,2028-04-17
2028,4,18,1,5.446900000000003,15307824.2,2028-04-18
2028,4,19,2,5.413400000000005,16181462.1,2028-04-19
2028,4,20,3,5.341300000000002,14001162.1,2028-04-20
2028,4,21,4,5.337700000000002,16656500.0,2028-04-21
2028,4,24,0,5.5200999999999985,13324162.1,2028-04-24
2028,4,25,1,5.547499999999998,14952762.1,2028-04-25
2028,4,26,2,5.548899999999999,15585362.1,2028-04-26
2028,4,27,3,5.5710000000000015,14274662.1,2028-04-27
2028,4,28,4,5.565800000000001,16746600.0,2028-04-28
2028,5,1,0,5.5793,13830324.2,2028-05-01
2028,5,2,1,5.619899999999999,12332848.4,2028-05-02
2028,5,3,2,5.677099999999996,13399348.4,2028-05-03
2028,5,4,3,5.571699999999998,14378748.4,2028-05-04
2028,5,5,4,5.563700000000006,14632424.2,2028-05-05
2028,5,8,0,5.5687,11800348.4,2028-05-08
2028,5,9,1,5.5848999999999975,10487248.4,2028-05-09
2028,5,10,2,5.475899999999997,11125424.2,2028-05-10
2028,5,11,3,5.358699999999996,10416086.3,2028-05-11
2028,5,12,4,5.337499999999998,10964062.1,2028-05-12
2028,5,15,0,5.351499999999999,9939062.1,2028-05-15
2028,5,16,1,5.407999999999999,9662262.1,2028-05-16
2028,5,17,2,5.427400000000002,10088000.0,2028-05-17
2028,5,18,3,5.366400000000003,10507562.1,2028-05-18
2028,5,19,4,5.389400000000003,11222362.1,2028-05-19
2028,5,22,0,5.3786000000000005,10413600.0,2028-05-22
2028,5,23,1,5.559199999999996,10869400.0,2028-05-23
2028,5,24,2,5.518799999999996,9998100.0,2028-05-24
2028,5,25,3,5.482199999999999,9946000.0,2028-05-25
2028,5,26,4,5.466099999999999,10081200.0,2028-05-26
2028,5,29,0,5.573700000000003,9419800.0,2028-05-29
2028,5,30,1,5.594600000000007,9190700.0,2028-05-30
2028,5,31,2,5.5465000000000035,18072400.0,2028-05-31
2028,6,1,3,5.5341999999999985,21455500.0,2028-06-01
2028,6,2,4,5.533699999999999,26919500.0,2028-06-02
2028,6,5,0,5.486000000000008,23068400.0,2028-06-05
2028,6,6,1,5.5268000000000015,18913100.0,2028-06-06
2028,6,7,2,5.504700000000007,20522300.0,2028-06-07
2028,6,8,3,5.5236,22791400.0,2028-06-08
2028,6,9,4,5.490400000000002,22521100.0,2028-06-09
2028,6,12,0,5.4235000000000015,20912800.0,2028-06-12
2028,6,13,1,5.419700000000002,19031000.0,2028-06-13
2028,6,14,2,5.399900000000005,19782200.0,2028-06-14
2028,6,15,3,5.371199999999999,20346500.0,2028-06-15
2028,6,16,4,5.3802999999999965,21094900.0,2028-06-16
2028,6,19,0,5.4730000000000025,20037100.0,2028-06-19
2028,6,20,1,5.511000000000001,17421600.0,2028-06-20
2028,6,21,2,5.482700000000005,18233100.0,2028-06-21
2028,6,22,3,5.437500000000001,20554900.0,2028-06-22
2028,6,23,4,5.4671,19895500.0,2028-06-23
2028,6,26,0,5.548500000000001,18176900.0,2028-06-26
2028,6,27,1,5.592300000000006,16982100.0,2028-06-27
2028,6,28,2,5.606900000000003,13311562.1,2028-06-28
2028,6,29,3,5.538400000000004,13872162.1,2028-06-29
2028,6,30,4,5.513900000000008,15146200.0,2028-06-30
2028,7,3,0,5.537500000000001,12646524.2,2028-07-03
2028,7,4,1,5.5024000000000095,11783548.4,2028-07-04
2028,7,5,2,5.523300000000003,9579348.4,2028-07-05
2028,7,6,3,5.505700000000004,9565300.0,2028-07-06
2028,7,7,4,5.521300000000004,9672900.0,2028-07-07
2028,7,10,0,5.432300000000003,10179262.1,2028-07-10
2028,7,11,1,5.435500000000001,10117824.2,2028-07-11
2028,7,12,2,5.418900000000004,10584262.1,2028-07-12
2028,7,13,3,5.359899999999999,10697962.1,2028-07-13
2028,7,14,4,5.350099999999995,10297062.1,2028-07-14
2028,7,17,0,5.455700000000003,10838062.1,2028-07-17
2028,7,18,1,5.503000000000002,9897962.1,2028-07-18
2028,7,19,2,5.504800000000005,10658862.1,2028-07-19
2028,7,20,3,5.459600000000003,10564462.1,2028-07-20
2028,7,21,4,5.4223,11231100.0,2028-07-21
2028,7,24,0,5.5241,10140600.0,2028-07-24
2028,7,25,1,5.533200000000001,10076400.0,2028-07-25
2028,7,26,2,5.529600000000004,10321700.0,2028-07-26
2028,7,27,3,5.555000000000004,10709000.0,2028-07-27
2028,7,28,4,5.527000000000004,10232100.0,2028-07-28
2028,7,31,0,5.509600000000006,16195100.0,2028-07-31
2028,8,1,1,5.544600000000002,13017224.2,2028-08-01
2028,8,2,2,5.525300000000003,12070148.4,2028-08-02
2028,8,3,3,5.5417000000000005,13098448.4,2028-08-03
2028,8,4,4,5.525200000000005,15384724.2,2028-08-04
2028,8,7,0,5.489200000000007,12003824.2,2028-08-07
2028,8,8,1,5.5448,9222548.4,2028-08-08
2028,8,9,2,5.505100000000004,9997400.0,2028-08-09
2028,8,10,3,5.4105,10097224.2,2028-08-10
2028,8,11,4,5.372999999999998,10605162.1,2028-08-11
2028,8,14,0,5.401599999999999,10398162.1,2028-08-14
2028,8,15,1,5.437200000000002,10609262.1,2028-08-15
2028,8,16,2,5.417600000000006,10741762.1,2028-08-16
2028,8,17,3,5.408500000000004,10710162.1,2028-08-17
2028,8,18,4,5.4025000000000025,10571662.1,2028-08-18
2028,8,21,0,5.464800000000005,10314600.0,2028-08-21
2028,8,22,1,5.4716000000000005,9868100.0,2028-08-22
2028,8,23,2,5.5272000000000014,10137600.0,2028-08-23
2028,8,24,3,5.5071,9921100.0,2028-08-24
2028,8,25,4,5.468000000000001,10169800.0,2028-08-25
2028,8,28,0,5.590400000000002,9497400.0,2028-08-28
2028,8,29,1,5.590700000000005,9035100.0,2028-08-29
2028,8,30,2,5.584100000000004,11255757.1,2028-08-30
2028,8,31,3,5.5007000000000055,14069500.0,2028-08-31
2028,9,1,4,5.5443999999999996,19747824.2,2028-09-01
2028,9,4,0,5.503500000000007,20190000.0,2028-09-04
2028,9,5,1,5.518500000000006,18885900.0,2028-09-05
2028,9,6,2,5.504700000000007,20497200.0,2028-09-06
2028,9,7,3,5.515800000000001,23275400.0,2028-09-07
2028,9,8,4,5.516900000000004,22368100.0,2028-09-08
2028,9,11,0,5.429200000000003,20505900.0,2028-09-11
2028,9,12,1,5.425800000000002,18813700.0,2028-09-12
2028,9,13,2,5.411500000000005,20030400.0,2028-09-13
2028,9,14,3,5.351699999999998,20498500.0,2028-09-14
2028,9,15,4,5.347999999999996,21328300.0,2028-09-15
2028,9,18,0,5.4566000000000034,20454800.0,2028-09-18
2028,9,19,1,5.5182,17896300.0,2028-09-19
2028,9,20,2,5.491400000000004,16620500.0,2028-09-20
2028,9,21,3,5.446900000000002,12184262.1,2028-09-21
2028,9,22,4,5.397300000000002,14348500.0,2028-09-22
2028,9,25,0,5.538599999999999,13039162.1,2028-09-25
2028,9,26,1,5.551300000000003,11659662.1,2028-09-26
2028,9,27,2,5.567500000000006,10726762.1,2028-09-27
2028,9,28,3,5.560600000000003,10558500.0,2028-09-28
2028,9,29,4,5.512900000000006,10629300.0,2028-09-29
2028,10,2,0,5.533,10291624.2,2028-10-02
2028,10,3,1,5.526800000000005,10969224.2,2028-10-03
2028,10,4,2,5.511600000000008,10521024.2,2028-10-04
2028,10,5,3,5.517600000000001,10724824.2,2028-10-05
2028,10,6,4,5.512000000000006,10456562.1,2028-10-06
2028,10,9,0,5.506100000000003,10761624.2,2028-10-09
2028,10,10,1,5.452200000000005,10898024.2,2028-10-10
2028,10,11,2,5.443900000000001,10651524.2,2028-10-11
2028,10,12,3,5.370799999999999,11463462.1,2028-10-12
2028,10,13,4,5.379799999999998,12475062.1,2028-10-13
2028,10,16,0,5.4217,11344024.2,2028-10-16
2028,10,17,1,5.478300000000006,10270524.2,2028-10-17
2028,10,18,2,5.489000000000004,11356562.1,2028-10-18
2028,10,19,3,5.457600000000001,11358724.2,2028-10-19
2028,10,20,4,5.431100000000002,12382662.1,2028-10-20
2028,10,23,0,5.5151,12475262.1,2028-10-23
2028,10,24,1,5.540300000000002,12747362.1,2028-10-24
2028,10,25,2,5.5056,12675462.1,2028-10-25
2028,10,26,3,5.513100000000001,12320762.1,2028-10-26
2028,10,27,4,5.525200000000003,13517600.0,2028-10-27
2028,10,30,0,5.574800000000007,11947962.1,2028-10-30
2028,10,31,1,5.507200000000007,13211662.1,2028-10-31
2028,11,1,2,5.549100000000001,17247824.2,2028-11-01
2028,11,2,3,5.5341999999999985,18456562.1,2028-11-02
2028,11,3,4,5.543400000000003,22623600.0,2028-11-03
2028,11,6,0,5.493100000000007,21052300.0,2028-11-06
2028,11,7,1,5.525900000000002,19732900.0,2028-11-07
2028,11,8,2,5.531300000000005,19857800.0,2028-11-08
2028,11,9,3,5.488600000000002,20585500.0,2028-11-09
2028,11,10,4,5.4033999999999995,22269000.0,2028-11-10
2028,11,13,0,5.399000000000002,21661700.0,2028-11-13
2028,11,14,1,5.432900000000002,20190200.0,2028-11-14
2028,11,15,2,5.4024000000000045,20204400.0,2028-11-15
2028,11,16,3,5.3831999999999995,21029900.0,2028-11-16
2028,11,17,4,5.404900000000002,21704000.0,2028-11-17
2028,11,20,0,5.474400000000004,21441200.0,2028-11-20
2028,11,21,1,5.4921000000000015,19138700.0,2028-11-21
2028,11,22,2,5.464000000000003,19976100.0,2028-11-22
2028,11,23,3,5.5066,20148800.0,2028-11-23
2028,11,24,4,5.485100000000001,20495800.0,2028-11-24
2028,11,27,0,5.588700000000002,19630400.0,2028-11-27
2028,11,28,1,5.6121000000000025,19448800.0,2028-11-28
2028,11,29,2,5.583900000000004,20123100.0,2028-11-29
2028,11,30,3,5.539400000000003,20366000.0,2028-11-30
2028,12,1,4,5.533699999999999,27046700.0,2028-12-01
2028,12,4,0,5.499600000000006,21141300.0,2028-12-04
2028,12,5,1,5.518500000000006,19991000.0,2028-12-05
2028,12,6,2,5.504700000000007,20161200.0,2028-12-06
2028,12,7,3,5.515800000000001,22567500.0,2028-12-07
2028,12,8,4,5.516900000000004,22886200.0,2028-12-08
2028,12,11,0,5.429200000000003,20832700.0,2028-12-11
2028,12,12,1,5.425800000000002,20062300.0,2028-12-12
2028,12,13,2,5.411500000000005,20827400.0,2028-12-13
2028,12,14,3,5.351699999999998,21949900.0,2028-12-14
2028,12,15,4,5.347999999999996,21896500.0,2028-12-15
2028,12,18,0,5.4566000000000034,21419800.0,2028-12-18
2028,12,19,1,5.5182,19730700.0,2028-12-19
2028,12,20,2,5.491400000000004,21823200.0,2028-12-20
2028,12,21,3,5.446900000000002,22013300.0,2028-12-21
2028,12,22,4,5.397300000000002,21266700.0,2028-12-22
2028,12,25,0,5.538599999999999,20762900.0,2028-12-25
2028,12,26,1,5.551300000000003,19250200.0,2028-12-26
2028,12,27,2,5.567500000000006,22514700.0,2028-12-27
2028,12,28,3,5.560600000000003,21691300.0,2028-12-28
2028,12,29,4,5.512900000000006,20965500.0,2028-12-29
2029,1,1,0,5.538899999999997,27629900.0,2029-01-01
2029,1,2,1,5.590099999999999,30496100.0,2029-01-02
2029,1,3,2,5.619199999999998,18649300.0,2029-01-03
2029,1,4,3,5.546399999999998,32017700.0,2029-01-04
2029,1,5,4,5.521599999999999,16084100.0,2029-01-05
2029,1,8,0,5.544799999999998,12256186.3,2029-01-08
2029,1,9,1,5.583399999999998,12251210.5,2029-01-09
2029,1,10,2,5.528999999999997,12686610.5,2029-01-10
2029,1,11,3,5.412899999999996,13646410.5,2029-01-11
2029,1,12,4,5.382699999999997,16290724.2,2029-01-12
2029,1,15,0,5.423399999999998,12978624.2,2029-01-15
2029,1,16,1,5.477999999999998,14877886.3,2029-01-16
2029,1,17,2,5.480299999999999,15705124.2,2029-01-17
2029,1,18,3,5.4077999999999955,14351024.2,2029-01-18
2029,1,19,4,5.396999999999997,16333124.2,2029-01-19
2029,1,22,0,5.421699999999999,14348324.2,2029-01-22
2029,1,23,1,5.615899999999995,15614024.2,2029-01-23
2029,1,24,2,5.648799999999997,13802724.2,2029-01-24
2029,1,25,3,5.448599999999995,15578724.2,2029-01-25
2029,1,26,4,5.552399999999998,14215462.1,2029-01-26
2029,1,29,0,5.684499999999997,14054024.2,2029-01-29
2029,1,30,1,5.721699999999995,14265624.2,2029-01-30
2029,1,31,2,5.721799999999994,13953624.2,2029-01-31
2029,2,1,3,5.7038999999999955,16993548.4,2029-02-01
2029,2,2,4,5.6585999999999945,16692662.1,2029-02-02
2029,2,5,0,5.4626999999999954,12114524.2,2029-02-05
2029,2,6,1,5.538599999999997,11542448.4,2029-02-06
2029,2,7,2,5.526899999999999,10435048.4,2029-02-07
2029,2,8,3,5.493699999999997,10037724.2,2029-02-08
2029,2,9,4,5.466599999999996,10148862.1,2029-02-09
2029,2,12,0,5.407199999999998,10189062.1,2029-02-12
2029,2,13,1,5.4553999999999965,10030862.1,2029-02-13
2029,2,14,2,5.417299999999998,10444962.1,2029-02-14
2029,2,15,3,5.335499999999996,10698162.1,2029-02-15
2029,2,16,4,5.363599999999998,10554862.1,2029-02-16
2029,2,19,0,5.399299999999999,10304662.1,2029-02-19
2029,2,20,1,5.473499999999997,10401462.1,2029-02-20
2029,2,21,2,5.432999999999998,10913400.0,2029-02-21
2029,2,22,3,5.358299999999998,9528400.0,2029-02-22
2029,2,23,4,5.519499999999998,9918700.0,2029-02-23
2029,2,26,0,5.5853999999999955,9299900.0,2029-02-26
2029,2,27,1,5.740099999999997,10001200.0,2029-02-27
2029,2,28,2,5.811299999999993,10456400.0,2029-02-28
2029,3,1,3,6.071599999999998,10481124.2,2029-03-01
2029,3,2,4,6.306600000000002,10032062.1,2029-03-02
2029,3,5,0,6.463299999999999,9585524.2,2029-03-05
2029,3,6,1,6.416399999999999,9378500.0,2029-03-06
2029,3,7,2,6.4326,14772300.0,2029-03-07
2029,3,8,3,6.322,14837124.2,2029-03-08
2029,3,9,4,6.3611,16443762.1,2029-03-09
2029,3,12,0,6.463699999999998,12781462.1,2029-03-12
2029,3,13,1,6.428599999999998,12423124.2,2029-03-13
2029,3,14,2,6.431499999999997,13606124.2,2029-03-14
2029,3,15,3,6.3072,14317324.2,2029-03-15
2029,3,16,4,6.340000000000001,16758462.1,2029-03-16
2029,3,19,0,6.005599999999999,13795162.1,2029-03-19
2029,3,20,1,5.826499999999998,14482424.2,2029-03-20
2029,3,21,2,5.701799999999997,15561062.1,2029-03-21
2029,3,22,3,5.384599999999994,14441262.1,2029-03-22
2029,3,23,4,5.5015,16786600.0,2029-03-23
2029,3,26,0,5.564499999999997,12294762.1,2029-03-26
2029,3,27,1,5.686400000000001,13626362.1,2029-03-27
2029,3,28,2,5.683499999999996,15357562.1,2029-03-28
2029,3,29,3,5.583599999999999,15368562.1,2029-03-29
2029,3,30,4,5.597400000000005,14943500.0,2029-03-30
2029,4,2,0,5.570499999999997,13541124.2,2029-04-02
2029,4,3,1,5.524400000000002,13093948.4,2029-04-03
2029,4,4,2,5.501100000000001,13651848.4,2029-04-04
2029,4,5,3,5.4422999999999995,13901648.4,2029-04-05
2029,4,6,4,5.441599999999999,15790824.2,2029-04-06
2029,4,9,0,5.457699999999997,13101524.2,2029-04-09
2029,4,10,1,5.409399999999998,12243048.4,2029-04-10
2029,4,11,2,5.3855999999999975,12299448.4,2029-04-11
2029,4,12,3,5.306299999999996,13608024.2,2029-04-12
2029,4,13,4,5.3118,16076462.1,2029-04-13
2029,4,16,0,5.358100000000002,14492562.1,2029-04-16
2029,4,17,1,5.446200000000004,14782524.2,2029-04-17
2029,4,18,2,5.400700000000005,16704762.1,2029-04-18
2029,4,19,3,5.359300000000002,15083162.1,2029-04-19
2029,4,20,4,5.342400000000002,16514100.0,2029-04-20
2029,4,23,0,5.512799999999999,14064362.1,2029-04-23
2029,4,24,1,5.554499999999998,15558162.1,2029-04-24
2029,4,25,2,5.516999999999997,14186862.1,2029-04-25
2029,4,26,3,5.5119,15677162.1,2029-04-26
2029,4,27,4,5.557700000000002,14600500.0,2029-04-27
2029,4,30,0,5.606200000000005,14497862.1,2029-04-30
2029,5,1,1,5.6866999999999965,13776548.4,2029-05-01
2029,5,2,2,5.690099999999993,13333248.4,2029-05-02
2029,5,3,3,5.634299999999996,14209948.4,2029-05-03
2029,5,4,4,5.454399999999997,16411424.2,2029-05-04
2029,5,7,0,5.538599999999998,11980224.2,2029-05-07
2029,5,8,1,5.613099999999999,9691848.4,2029-05-08
2029,5,9,2,5.610199999999995,10142962.1,2029-05-09
2029,5,10,3,5.426599999999997,10067024.2,2029-05-10
2029,5,11,4,5.341799999999997,10200562.1,2029-05-11
2029,5,14,0,5.345999999999999,10357062.1,2029-05-14
2029,5,15,1,5.401699999999997,10918062.1,2029-05-15
2029,5,16,2,5.384500000000002,10649562.1,2029-05-16
2029,5,17,3,5.406400000000002,11415762.1,2029-05-17
2029,5,18,4,5.3560000000000025,12337062.1,2029-05-18
2029,5,21,0,5.393700000000003,12676762.1,2029-05-21
2029,5,22,1,5.443899999999997,13448362.1,2029-05-22
2029,5,23,2,5.5010999999999965,13597562.1,2029-05-23
2029,5,24,3,5.4990999999999985,13494962.1,2029-05-24
2029,5,25,4,5.4461999999999975,13793900.0,2029-05-25
2029,5,28,0,5.583500000000003,13265262.1,2029-05-28
2029,5,29,1,5.609900000000005,12932662.1,2029-05-29
2029,5,30,2,5.590300000000002,12322462.1,2029-05-30
2029,5,31,3,5.501500000000005,13448962.1,2029-05-31
2029,6,1,4,5.5443999999999996,18995624.2,2029-06-01
2029,6,4,0,5.503500000000007,19410000.0,2029-06-04
2029,6,5,1,5.518500000000006,18113000.0,2029-06-05
2029,6,6,2,5.504700000000007,17305000.0,2029-06-06
2029,6,7,3,5.515800000000001,18800362.1,2029-06-07
2029,6,8,4,5.516900000000004,21246500.0,2029-06-08
2029,6,11,0,5.429200000000003,20526200.0,2029-06-11
2029,6,12,1,5.425800000000002,18961700.0,2029-06-12
2029,6,13,2,5.411500000000005,19454600.0,2029-06-13
2029,6,14,3,5.351699999999998,21118100.0,2029-06-14
2029,6,15,4,5.347999999999996,22033100.0,2029-06-15
2029,6,18,0,5.4566000000000034,20336600.0,2029-06-18
2029,6,19,1,5.5182,17660300.0,2029-06-19
2029,6,20,2,5.491400000000004,16726200.0,2029-06-20
2029,6,21,3,5.446900000000002,14274162.1,2029-06-21
2029,6,22,4,5.397300000000002,15209600.0,2029-06-22
2029,6,25,0,5.538599999999999,14545462.1,2029-06-25
2029,6,26,1,5.551300000000003,14251562.1,2029-06-26
2029,6,27,2,5.567500000000006,14051262.1,2029-06-27
2029,6,28,3,5.560600000000003,14372062.1,2029-06-28
2029,6,29,4,5.512900000000006,15567400.0,2029-06-29
2029,7,2,0,5.533,11415724.2,2029-07-02
2029,7,3,1,5.526800000000005,10728148.4,2029-07-03
2029,7,4,2,5.511600000000008,10525024.2,2029-07-04
2029,7,5,3,5.517600000000001,10008824.2,2029-07-05
2029,7,6,4,5.512000000000006,9997362.1,2029-07-06
2029,7,9,0,5.506100000000003,10003224.2,2029-07-09
2029,7,10,1,5.452200000000005,9802724.2,2029-07-10
2029,7,11,2,5.443900000000001,10612662.1,2029-07-11
2029,7,12,3,5.370799999999999,10809662.1,2029-07-12
2029,7,13,4,5.379799999999998,10370562.1,2029-07-13
2029,7,16,0,5.4217,10747962.1,2029-07-16
2029,7,17,1,5.478300000000006,10243162.1,2029-07-17
2029,7,18,2,5.489000000000004,11270962.1,2029-07-18
2029,7,19,3,5.457600000000001,10914262.1,2029-07-19
2029,7,20,4,5.431100000000002,9943862.1,2029-07-20
2029,7,23,0,5.5151,9910600.0,2029-07-23
2029,7,24,1,5.540300000000002,9600300.0,2029-07-24
2029,7,25,2,5.5056,9612400.0,2029-07-25
2029,7,26,3,5.513100000000001,9392200.0,2029-07-26
2029,7,27,4,5.525200000000003,15398800.0,2029-07-27
2029,7,30,0,5.574800000000007,12408062.1,2029-07-30
2029,7,31,1,5.507200000000007,12936462.1,2029-07-31
2029,8,1,2,5.549100000000001,12721848.4,2029-08-01
2029,8,2,3,5.5341999999999985,13326348.4,2029-08-02
2029,8,3,4,5.543400000000003,15793024.2,2029-08-03
2029,8,6,0,5.493100000000007,11854624.2,2029-08-06
2029,8,7,1,5.525900000000002,9395348.4,2029-08-07
2029,8,8,2,5.531300000000005,9243500.0,2029-08-08
2029,8,9,3,5.488600000000002,9700700.0,2029-08-09
2029,8,10,4,5.4033999999999995,10197862.1,2029-08-10
2029,8,13,0,5.399000000000002,10711462.1,2029-08-13
2029,8,14,1,5.432900000000002,10136962.1,2029-08-14
2029,8,15,2,5.4024000000000045,10695462.1,2029-08-15
2029,8,16,3,5.3831999999999995,10420162.1,2029-08-16
2029,8,17,4,5.404900000000002,10791162.1,2029-08-17
2029,8,20,0,5.474400000000004,10133462.1,2029-08-20
2029,8,21,1,5.4921000000000015,10072100.0,2029-08-21
2029,8,22,2,5.464000000000003,9610100.0,2029-08-22
2029,8,23,3,5.5066,9144500.0,2029-08-23
2029,8,24,4,5.485100000000001,10691157.1,2029-08-24
2029,8,27,0,5.588700000000002,9263700.0,2029-08-27
2029,8,28,1,5.6121000000000025,9955300.0,2029-08-28
2029,8,29,2,5.583900000000004,10060300.0,2029-08-29
2029,8,30,3,5.539400000000003,10147600.0,2029-08-30
2029,8,31,4,5.459400000000009,26736000.0,2029-08-31
2029,9,3,0,5.5308,24599800.0,2029-09-03
2029,9,4,1,5.505400000000009,20633900.0,2029-09-04
2029,9,5,2,5.523300000000003,21615700.0,2029-09-05
2029,9,6,3,5.505700000000004,22825300.0,2029-09-06
2029,9,7,4,5.521300000000004,22653900.0,2029-09-07
2029,9,10,0,5.432300000000003,20556000.0,2029-09-10
2029,9,11,1,5.435500000000001,18606800.0,2029-09-11
2029,9,12,2,5.418900000000004,20893600.0,2029-09-12
2029,9,13,3,5.359899999999999,22136200.0,2029-09-13
2029,9,14,4,5.350099999999995,22339900.0,2029-09-14
2029,9,17,0,5.455700000000003,20162300.0,2029-09-17
2029,9,18,1,5.503000000000002,17675800.0,2029-09-18
2029,9,19,2,5.504800000000005,16716400.0,2029-09-19
2029,9,20,3,5.459600000000003,13298562.1,2029-09-20
2029,9,21,4,5.4223,13911200.0,2029-09-21
2029,9,24,0,5.5241,13094862.1,2029-09-24
2029,9,25,1,5.533200000000001,11709862.1,2029-09-25
2029,9,26,2,5.529600000000004,10942762.1,2029-09-26
2029,9,27,3,5.555000000000004,9394900.0,2029-09-27
2029,9,28,4,5.527000000000004,15777400.0,2029-09-28
2029,10,1,0,5.514100000000002,13913124.2,2029-10-01
2029,10,2,1,5.544600000000002,12855148.4,2029-10-02
2029,10,3,2,5.531500000000005,13116748.4,2029-10-03
2029,10,4,3,5.518400000000003,13631348.4,2029-10-04
2029,10,5,4,5.510900000000006,14547124.2,2029-10-05
2029,10,8,0,5.524700000000001,12063048.4,2029-10-08
2029,10,9,1,5.5075000000000065,10937448.4,2029-10-09
2029,10,10,2,5.448500000000003,10444824.2,2029-10-10
2029,10,11,3,5.381099999999996,11477624.2,2029-10-11
2029,10,12,4,5.386199999999998,12667562.1,2029-10-12
2029,10,15,0,5.400000000000002,11373524.2,2029-10-15
2029,10,16,1,5.453300000000004,10324424.2,2029-10-16
2029,10,17,2,5.488100000000004,11539862.1,2029-10-17
2029,10,18,3,5.443200000000001,11161824.2,2029-10-18
2029,10,19,4,5.406200000000002,10829062.1,2029-10-19
2029,10,22,0,5.453100000000002,9387100.0,2029-10-22
2029,10,23,1,5.5455,15965400.0,2029-10-23
2029,10,24,2,5.5192000000000005,12590062.1,2029-10-24
2029,10,25,3,5.492600000000001,12375162.1,2029-10-25
2029,10,26,4,5.480900000000002,13852900.0,2029-10-26
2029,10,29,0,5.575800000000003,13342762.1,2029-10-29
2029,10,30,1,5.575400000000007,11342862.1,2029-10-30
2029,10,31,2,5.496000000000008,14037662.1,2029-10-31
2029,11,1,3,5.545199999999998,22642924.2,2029-11-01
2029,11,2,4,5.533699999999999,27574600.0,2029-11-02
2029,11,5,0,5.486000000000008,26569400.0,2029-11-05
2029,11,6,1,5.5268000000000015,19074700.0,2029-11-06
2029,11,7,2,5.504700000000007,20248300.0,2029-11-07
2029,11,8,3,5.5236,22065500.0,2029-11-08
2029,11,9,4,5.490400000000002,22794500.0,2029-11-09
2029,11,12,0,5.4235000000000015,21171500.0,2029-11-12
2029,11,13,1,5.419700000000002,20342800.0,2029-11-13
2029,11,14,2,5.399900000000005,21177800.0,2029-11-14
2029,11,15,3,5.371199999999999,22694400.0,2029-11-15
2029,11,16,4,5.3802999999999965,22116700.0,2029-11-16
2029,11,19,0,5.4730000000000025,21049300.0,2029-11-19
2029,11,20,1,5.511000000000001,19171800.0,2029-11-20
2029,11,21,2,5.482700000000005,19786400.0,2029-11-21
2029,11,22,3,5.437500000000001,20085100.0,2029-11-22
2029,11,23,4,5.4671,20437700.0,2029-11-23
2029,11,26,0,5.548500000000001,19530800.0,2029-11-26
2029,11,27,1,5.592300000000006,18997300.0,2029-11-27
2029,11,28,2,5.606900000000003,20509500.0,2029-11-28
2029,11,29,3,5.538400000000004,20712400.0,2029-11-29
2029,11,30,4,5.513900000000008,20611200.0,2029-11-30
2029,12,3,0,5.537500000000001,24299300.0,2029-12-03
2029,12,4,1,5.5024000000000095,20637200.0,2029-12-04
2029,12,5,2,5.523300000000003,21988100.0,2029-12-05
2029,12,6,3,5.505700000000004,23079300.0,2029-12-06
2029,12,7,4,5.521300000000004,22731300.0,2029-12-07
2029,12,10,0,5.432300000000003,21101700.0,2029-12-10
2029,12,11,1,5.435500000000001,20091100.0,2029-12-11
2029,12,12,2,5.418900000000004,20967200.0,2029-12-12
2029,12,13,3,5.359899999999999,22279900.0,2029-12-13
2029,12,14,4,5.350099999999995,22474400.0,2029-12-14
2029,12,17,0,5.455700000000003,21323400.0,2029-12-17
2029,12,18,1,5.503000000000002,19963600.0,2029-12-18
2029,12,19,2,5.504800000000005,20115500.0,2029-12-19
2029,12,20,3,5.459600000000003,21517400.0,2029-12-20
2029,12,21,4,5.4223,21593100.0,2029-12-21
2029,12,24,0,5.5241,20472500.0,2029-12-24
2029,12,25,1,5.533200000000001,19430500.0,2029-12-25
2029,12,26,2,5.529600000000004,22508900.0,2029-12-26
2029,12,27,3,5.555000000000004,21694400.0,2029-12-27
2029,12,28,4,5.527000000000004,21493500.0,2029-12-28
2029,12,31,0,5.509600000000006,19150200.0,2029-12-31
